,repo_id,repo_name
0,96942484,DataBiosphere/leonardo
80,98236573,broadinstitute/workbench-libs
81,201981175,DataBiosphere/terra-docker
128,203461402,googleapis/java-compute
129,219075205,anvilproject/anvil-docker
131,204854142,slowburndance/slowburndance.github.com
132,115859973,ddnexus/pagy
133,10270250,facebook/react
134,38071534,vuejs/vue-class-component
135,60243197,nextcloud/server
136,71995937,nuxt/nuxt.js
137,127752367,sundowndev/hacker-roadmap
138,156564319,b2a3e8/jekyll-theme-console
139,165733308,tomi/fromfrom
140,55316722,ceridwen-com/ceridwen-standard-interchange-protocol-library
141,190122311,YKmaster/YKmaster.github.io
144,145496762,SKSSSX/SKSSSX.github.io
156,233346533,zhuliu001/LZDefaultView
157,2833537,jquery/esprima
158,59760504,Song-Li/cross_browser
160,65502845,uniquemachine/uniquemachine.github.io
161,62262074,snowflakedb/snowflake-connector-python
162,193923577,yuanjinze/tomcat
166,235486189,yuanjinze/tomcat9
169,235515130,yuanjinze/nginx
172,43903637,jenkinsci/github-branch-source-plugin
173,121961456,joshk0/resume
182,7292020,JuliaMath/Calculus.jl
183,463224,petewarden/c_hashmap
184,687836,senchalabs/connect
185,1217614,xbmc/xbmc
186,1778471,postmanlabs/httpbin
187,3845814,tebeka/selenium
188,5022564,jsdelivr/jsdelivr
189,5535125,node-modules/agentkeepalive
190,15062869,facebook/jest
191,15349765,jshttp/on-finished
192,18875955,koajs/onerror
193,22022707,sindresorhus/resolve-from
194,23021454,sindresorhus/import-lazy
195,23123294,angrave/SystemProgramming
196,27971466,browserslist/browserslist
197,34163206,cheat-engine/cheat-engine
198,38290342,FlymeOS/tools
199,40294964,ProseMirror/prosemirror
200,44692260,MatAtBread/fast-async
201,47372003,ariporad/pirates
202,48334919,defunctzombie/package-browser-field-spec
203,50500419,liady/webpack-node-externals
204,52113921,facebook/draft-js
205,52179373,dflemstr/rq
206,78531054,nodejscn/node-api-cn
207,79194924,blueberryCoder/LiveStream
208,84117006,ivanseidel/node-draftlog
209,84435043,ivanseidel/unicute
210,86840811,buefy/buefy
211,89116094,utterance/utterances
212,95761244,gogf/gf
214,100622303,clipisode/puppeteer-recorder
215,135415552,dongzhong/TestForFloatingWindow
216,138478622,thomasdondorf/puppeteer-cluster
217,140949512,dunglas/mercure
218,163511715,yuzu233/anti-ocr
219,166816842,yinchengtsinghua/go-ethereum-chinese
220,182408739,stepchowfun/toast
221,186662363,nodegui/nodegui
222,200270264,tailwindcss/designing-with-tailwindcss
224,203607977,rollup/plugins
225,213082174,aholachek/mobile-first-animation
226,216239754,danvk/effective-typescript
227,217388629,ReactTraining/react-workshop
228,229697534,antonreshetov/massCode
229,230268548,LookCos/spider-taotu
230,231283452,excalidraw/excalidraw
231,232457507,phodal/migration
232,234211998,jonhoo/stuck
233,2721761,jackmoore/autosize
234,32875196,takahirom/PreLollipopTransition
235,77385778,wittyneko/rxbus
236,85521072,TapCard/TapCard
237,85699327,yanjunhui2014/MyActionbar
238,87610707,GitLqr/LQRAudioRecord
239,104987547,yuzhijun/ShareElementTransition
240,128701609,yangpeixing/YImagePicker
241,199074277,Armen101/AudioRecordView
242,202514900,JasonGaoH/NestedRecyclerView
243,215724494,furkanaskin/Weatherapp
244,223889849,Marksss/InfiniteBanner
245,55121413,json5/json5-dotnet
246,138393139,trimstray/the-book-of-secret-knowledge
247,83579167,bharathgs/Awesome-pytorch-list
248,111584205,randerson112358/Python
249,112418931,intel-iot-devkit/python-cv-samples
250,116440629,FairyOnIce/FairyOnIce.github.io
251,129317474,tensorflow/docs
252,159379536,TannerGilbert/Tutorials
253,178694147,sharmaroshan/Drugs-Recommendation-using-Reviews
254,196754768,BunnyWay/BunnyCDN.Python.Storage
255,231190521,AsyrafHussin/malaysia-postcodes
256,1081665,praekeltfoundation/vumi
260,7109673,praekeltfoundation/vumi-jssandbox-toolkit
261,14712850,syncthing/syncthing
262,17369900,Fueled/django-init
263,25178920,jwilder/dockerize
264,29601598,ceph/ceph-container
265,31645581,praekeltfoundation/vumi-sandbox
270,34937091,dkarchmer/aws-eb-docker-django
271,58418509,stphivos/django-angular2-fullstack-devops
272,67635521,aws-samples/ecs-refarch-cloudformation
273,71948498,localstack/localstack
274,94349408,nathanpeck/awesome-ecs
275,97505401,pydio/cells-sync
276,115349958,woahbase/alpine-searx
278,118281241,PaulMaddox/rpc-demo
279,232058205,seidu626/vumi
280,232087642,seidu626/vumi_apps
284,236221261,seidu626/vumi-jssandbox-toolkit
285,236938715,seidu626/philtre
287,63907981,djdefi/rpi-jenkins
288,73847171,oilshell/oil
294,133041065,lbonanomi/notes
298,172371051,lbonanomi/go
300,210854001,hakluke/how-to-exit-vim
303,213039607,lbonanomi/rss
397,224869127,lbonanomi/BoSK-Watch
488,232558809,lbonanomi/how-to-exit-vim
489,232563139,lbonanomi/how-to-exit-vim
492,235468657,todsac/eventsources
493,236219658,lbonanomi/oil
515,237012240,lbonanomi/oil
517,139500036,airbnb/MvRx
518,188660663,CorentinJ/Real-Time-Voice-Cloning
519,229625157,joreilly/PeopleInSpace
530,232189393,nealsanche/PeopleInSpace
538,60363605,bitnami/bitnami-docker-rails
539,229371495,wanfamilia/arcticbots
561,229371495,richardwan/arcticbots
562,216245827,ustclug/hackergame2019-writeups
563,225232121,jrg091/django_crash_course
564,1380117,getlantern/lantern
565,93947448,twintproject/twint
566,209551841,morenomancosu/fbSim
567,106985616,MacKentoch/react-redux-nextjs-bootstrap-starter
569,8205602,mybatis/mybatis-3
570,26956767,abel533/Mapper
571,32873313,systemd/systemd
572,196811251,StevenVanAcker/the-adventures-of-captain-comic
573,106088097,kitian616/jekyll-TeXt-theme
574,202992505,k010c1232/k010c1232.github.io
584,231573501,k010c1232/k010c1232.github.io
590,143929145,Vivvo/go-sdk
592,155586354,Vivvo/CitizenOne-Documentation
598,227035628,AustinMcPhail/tutorials-and-what-not
603,12899663,grow/grow
604,235143975,gessha/gessha.github.io
612,53833457,tianocore/edk2-staging
613,69601753,DMTF/Redfish-Profile-Simulator
614,237114317,nicklela/Redfish-Profile-Simulator
615,2101860,joerg/LabViewGitEnv
616,94340645,Cuongvn08/tensorflow_kaggle_house_price
618,20834734,thibauts/node-castv2-client
619,138357318,speechLabBcCuny/onssen
620,233910136,magenta/ddsp
621,6631214,markmarkoh/datamaps
622,150523394,clustellar/kq-deps
625,215161474,yiqu/SquadFIFA
650,6988020,SheetJS/sheetjs
651,126099669,catamphetamine/read-excel-file
652,139662221,a597873885/webfunny_monitor
653,232050856,gaving-mx/github.io
668,176050968,LeonBlade/PaisleyPark
669,236860386,joreyesl/route-aggregator
674,232908363,lightreign/text-to-bin
676,232908363,lightreign/TextToBin
680,114187903,apple/foundationdb
681,234001540,wavefrontHQ/ansible-collection-wavefront
684,237062096,ardl-fx/ardl-fx.github.io
691,208263640,rdosreis/table0
692,221798187,rdosreis/rdosreis.source
693,206438505,bethlakshmi/gbe-divio-djangocms-python2.7
716,196353673,taosdata/TDengine
717,11726616,stepancheg/rust-protobuf
718,39140034,utkarshkukreti/select.rs
719,48890305,programble/scraper
720,62110906,softprops/envy
721,94262864,danburkert/prost
722,94806442,andreroggeri/pynubank
723,169656159,asomers/mockall
724,171703627,watchson/api
734,171703710,watchson/telegram-bot
735,234623808,dawsonfi/rust-aws-lambda-docker-build
739,60630844,microsoft/monaco-editor
740,118619663,lx544690189/vue-gemini-scrollbar
741,190713547,ly525/luban-h5
742,3889947,philipl/pifs
743,21476932,pbnjay/pixfont
744,44403028,TerryCavanagh/VVVVVV
745,53809090,juliangarnier/anime
746,55813592,raygeeknyc/photovore
752,87964825,raygeeknyc/cerberus
758,219010170,raygeeknyc/affectivespeech
770,231260926,raygeeknyc/piwifi
781,236225144,raygeeknyc/lightsensor
784,236468891,raygeeknyc/stereolightsensor
788,26917568,nodemcu/nodemcu-firmware
789,127981322,whoisryosuke/ryosuke-gatsby-blog
790,139596105,thedaviddias/Front-End-Performance-Checklist
791,214420086,ledwindra/indonesia-stock-exchange
792,70574081,qbilinux/qbilinux
813,177838662,Gursimranjot/Gursimran_design
815,236985719,Gursimranjot/buildwithjs.github.io
819,233974003,chrisq21/Notify-App
824,73993565,kissonchan/ImitateAlipayPasswordInput
825,100006867,maning0303/MNProgressHUD
826,201230650,TanZhiL/Zhumulangma
827,210506798,SusionSuc/rabbit-client
830,198225892,mediaforensics/medifor
832,209675450,xu-zhang-1987/xu-zhang-1987.github.io
833,227752854,Columbia-Provenance-Analysis/medifor
838,46244837,funkymonkeymonk/dotfiles
850,164347647,0x4447/0x4447_product_s3_email
851,178781405,funkymonkeymonk/keyforge-sync
857,200307726,zzorba/marvelsdb
858,235208500,BuildingBananas/wine-x11-novnc-docker
859,194497293,shayne/go-wsl2-host
860,220613908,sunstate/query
863,233685524,Kansuler/ismartinlate.github.io
864,233686351,Kansuler/Kansuler.github.io
866,233686351,Kansuler/kansuler.github.io
869,12228746,sovereign/sovereign
870,79317191,typesense/typesense
871,234396143,boston-dynamics/spot-sdk
872,5663857,jeremylong/DependencyCheck
873,98105748,mercyblitz/jsr
874,229409413,gufeng20081010/geekbang-lessons
877,5787154,mattdiamond/Recorderjs
878,56583749,HavenShen/slim-born
879,36241619,iCHAIT/awesome-macOS
880,60027534,Awesome-Windows/Awesome
881,56192185,apollographql/react-apollo
882,105590837,aws-amplify/amplify-js
883,137706509,dabit3/awesome-aws-amplify
884,145880460,aws-amplify/amplify-cli
886,234437384,msu-netlab/CSCI_366_Programming_Assignments
893,4076199,StuPig/calendar-converter
894,8175955,Erls-Corporation/open-webkit-sharp
895,24319525,zabirauf/icsharp
896,29185515,isee15/Lunar-Solar-Calendar-Converter
897,120156076,cloudreve/Cloudreve
898,122583430,jjonline/calendar.js
899,128490549,Mr-xn/kms-server-deploy
900,143858322,Qical/Project_wechat
901,178512411,wuliaokankan/WeChat.CRM.SDK
902,218194220,yangzongzhuan/RuoYi-Oracle
903,236108574,wuhan2020/wuhan2020
904,100158101,rich-iannone/blastula
905,126038547,rstudio/gt
917,176389780,osdnk/react-native-reanimated-bottom-sheet
918,230830015,numalj/PythonTimeTracker
919,234947878,numalj/TitanicSurvivorPredictor
922,234949691,numalj/YelpReviewAnalysis
927,231799673,huangbq4gh/BlogOfChosen
931,121395510,CyC2018/CS-Notes
932,234322775,xuhrc/MicroMan
936,31522041,vnpy/vnpy
937,136556542,shinnytech/tqsdk-python
938,82244479,collin80/TeslaBMS
939,82468850,tomdebree/TeslaBMS
940,45629316,nats-io/nats.net
941,120736947,hhblaze/Raft.Net
942,81469573,gaetangate/text-summarizer
943,23087318,relic-toolkit/relic
970,23092047,relic-toolkit/relic-doc
971,189938256,LayerXcom/lx-sonic
972,4568912,mbrochh/vim-as-a-python-ide
973,5857387,davidhalter/jedi-vim
975,9946682,lwfinger/rtl8188eu
976,40412833,rafi/awesome-vim-colorschemes
977,233149739,joenmarz/bashrc-alias
1006,234699674,joenmarz/Notes
1007,78470433,etiennedub/LecteurOPUS
1010,233261225,tral/LecteurOPUS
1014,14290813,muesli/cache2go
1015,144539483,hyper0x/Golang_Puzzlers
1016,149298865,wenxuwan/Golang_Puzzlers
1017,232468612,wangyoujiang8888/Golang_Puzzlers
1018,232759624,wangyoujiang8888/go_learn
1022,152379960,spiral/php-grpc
1025,231644285,YamenSarah/php-grpc
1028,53979302,prenticedavid/MCUFRIEND_kbv
1029,232672491,rstaepel/Cards
1033,163203627,gjun/muCNV
1040,32981784,react-ga/react-ga
1041,61242660,react-native-community/react-native-tab-view
1042,67902342,jacklam718/react-native-modals
1043,92495401,n4kz/react-native-material-dropdown
1044,113791796,rafaelmotta/react-native-tag-select
1045,7010724,dianping/cat
1046,114523184,crossoverJie/JCSprout
1047,519832,mitmproxy/mitmproxy
1048,805461,mysqljs/mysql
1049,2185290,tomcz/aws_py
1050,2257149,SublimeText/PowerShell
1051,2881789,geekcomputers/Python
1052,3170951,tax/python-requests-aws
1053,3921451,erans/ec2instancespricing
1054,4456049,PowerShellMafia/PowerSploit
1056,5545405,timmydo/aws-glacier-python
1057,7083242,go-sql-driver/mysql
1058,7213064,rbit/pydtls
1059,8649665,edx/loghandlersplus
1060,9062692,cloudtools/awacs
1061,9093330,clymb3r/PowerShell
1062,9429764,skx/sysadmin-util
1063,10136908,miguelgrinberg/Flask-HTTPAuth
1064,10175969,davidfischer-ch/pytoolbox
1065,11688441,osmanmakal/bash-scripts
1066,14265145,dpgaspar/Flask-AppBuilder
1067,14296743,inge4pres/bash_tools
1068,15515231,lazywinadmin/PowerShell
1069,16985676,botify-labs/simpleflow
1070,17552865,RamblingCookieMonster/PowerShell
1071,17578592,bleachbit/bleachbit
1072,19051806,StackStorm/st2
1073,19550666,alexinslc/powershell
1074,20565711,JDogHerman/Powershell_Scripts
1075,21160389,certtools/intelmq
1076,21262136,yoander/sysadmin
1078,21289110,vinta/awesome-python
1079,21290287,Netflix/security_monkey
1080,22657662,wsargent/docker-cheat-sheet
1081,23010754,graup/flask-restless-security
1082,24560510,shyamjos/useful-linux-admin-bash-scripts
1083,25988382,aws/aws-eb-python-dockerfiles
1084,30131043,nccgroup/AWS-recipes
1085,30656265,e-karge/bash-examples
1086,31682127,sam-washington/requests-aws4auth
1087,32523973,hjacobs/aws-saml-login
1088,32687552,k0retux/fuddly
1089,33948919,rafael-skodlar/bash-functions-for-sysadmin
1091,35955666,jlevy/the-art-of-command-line
1092,36324646,jflinden/PowershellAdminScripts
1093,37146878,jandersoncodes/powershell-sysadmin-toolkit
1094,37542590,Netflix/lemur
1095,39254064,qjcg/shell-examples
1096,39549153,ohjay/sysadmin-scripts
1097,40683335,obsrvbl/flowlogs-reader
1098,41266935,adbertram/Random-PowerShell-Work
1100,44411511,MicrosoftDocs/PowerShell-Docs
1101,44851555,DavidMuller/aws-requests-auth
1102,47357530,garysouthard/PowerShellScripts-AWS
1103,47563574,hynek/argon2-cffi
1104,47827566,FuzzySecurity/PowerShell-Suite
1105,48009100,lashex/pyutu
1106,48402870,restran/fomalhaut
1107,48444621,SpiderLabs/ModSecurity-Python-bindings
1108,48935775,vahidkhorasani/AutoSSH
1109,49535299,boto/s3transfer
1110,49785387,Disassembler0/Win10-Initial-Setup-Script
1111,50253279,cloudmicro/lambda-dynamodb-local
1112,52575367,nficano/python-lambda
1113,53490666,ZhukovAlexander/lambdify
1114,53866019,BornToBeRoot/PowerShell
1115,55058317,threat9/routersploit
1116,55317356,awslabs/aws_lambda_sample_events_python
1117,56162510,VRBitman/Bitman-s-Toolbox
1118,56553990,jwag956/flask-security
1119,56963869,kojibhy/Python-scripts
1120,59035889,john3exonets/f5-example-bash-icontrol-rest-apis
1121,59155443,Netflix/bless
1122,59868262,aws/chalice
1123,60799451,bbougon/bash
1124,61293703,ZuoGuocai/BashShellScripts
1125,63271084,ThreatResponse/aws_ir
1126,63461880,awslabs/amazon-inspector-finding-forwarder
1127,63464468,jmenga/requests-aws-sign
1128,64508423,iopipe/iopipe-python
1129,65238442,foremast/foremast
1130,68031302,juliojsb/my-tux
1131,68794027,alexmeise/scripts
1132,70401130,mikaelkall/exploits
1133,71359600,pyupio/safety
1134,71386735,ryfeus/lambda-packs
1135,72017740,python-security/pyt
1136,73504243,Netflix-Skunkworks/cloudaux
1137,74380512,droppanel/examples
1139,77046540,jegesh/python-sqs-listener
1140,77981223,rn4ir/ansible-sample-playbooks
1141,78343144,alasdairnicol/python-lambda-contact-form
1142,78785700,capless/warrant
1143,79669090,ThomasTJdev/WMD
1144,79947871,tmschx/bash-sysadmin
1145,80177188,jpetrucciani/bucketstore
1146,81223332,trustpilot/python-lambdarest
1147,81516256,lyft/awspricing
1148,82252346,MicrosoftDocs/windows-powershell-docs
1149,82364552,santoshghimire/boto3-examples
1150,83438885,Ropiak/Powershell
1151,87861078,securitystreak/security-scripts
1152,89400783,JFox/aws-lambda-lxml
1153,89927415,rn4ir/sysadmin-shell-scripts
1154,90397271,MisterBianco/BoopSuite
1155,92379514,pythonmaster41/Go-For-OSCP
1156,92617813,Injabie3/powershell-scripts
1157,93177186,mmumshad/ansible-playable
1158,95912417,awslabs/aws-ec2rescue-linux
1159,96571493,gbouziden/PowerShell-SysAdmin-CmdLets
1160,97347544,ihack4falafel/OSCP
1161,98246067,Netflix-Skunkworks/raven-python-lambda
1162,99722224,janiko71/aws-inventory
1163,101235494,nairuzabulhul/RoadMap
1164,101308108,bsolomon1124/pyfinance
1165,104270121,aws/aws-dynamodb-encryption-python
1166,110274488,facebook/pyre-check
1167,110436596,rewardone/OSCPRepo
1168,111217350,gajos112/OSCP
1169,111764709,BLTSEC/violent-python3
1170,113692694,adbertram/PowerShellForSysadmins
1171,113831461,adon90/pentest_compilation
1172,115207670,dschep/lambda-decorators
1173,116808475,Wei-N-Ning/bashExamples
1174,117141511,mhmtkptn/100-shell-script-examples
1175,117141587,mhmtkptn/awesome-sysadmin
1176,117313998,ManhNho/Python-Books-for-Security
1177,117820872,Eranum/Powershell
1178,120674857,fedir/json_encode
1179,121552927,so87/OSCP-PwK
1180,122317243,alexcasalboni/ssm-cache-python
1181,123977309,mhmtkptn/sample-service-script
1182,127775651,aws-samples/aws-cost-explorer-report
1183,128814756,khjt/PS-scripts
1184,130418474,omrikiei/aws_logging_handlers
1185,131314966,mhmtkptn/bashExamples
1186,131877559,linuxacademy/la-aws-security_specialty
1187,132725045,PacktPublishing/Mastering-Python-for-Networking-and-Security
1188,133073592,jaward916/Powershell
1189,134493334,nccgroup/PMapper
1190,135462527,ACloudGuru/automating-aws-with-python
1191,136273219,jb29237/SysadminTools
1192,137276052,RhinoSecurityLabs/pacu
1193,137627405,tedder/aws_lambda_ses_forwarder_python3
1194,140533653,JinJunho/bash-examples
1195,143238763,OlivierLaflamme/Cheatsheet-God
1196,143559353,resolver/ps
1197,145171839,Sound1618/SysadminScripts
1198,145478205,mitchbeare/Scripts
1199,148918524,CyDefUnicorn/OSCP-Archives
1200,149186606,awslabs/aws-serverlessrepo-python
1201,150401686,xMilkPowderx/OSCP
1202,154230305,aws/aws-secretsmanager-caching-python
1203,154301517,codingo/Interlace
1204,156287142,awslabs/aws-lambda-builders
1205,158841994,ShawnCrocker/PowerShell
1206,159241245,aws-samples/amazon-cloudwatch-log-centralizer
1207,161107063,ecstatic-nobel/Analyst-Arsenal
1208,162645254,freddiebarrsmith/Buffer-Overflow-Exploit-Development-Practice
1209,162896493,silent-mobius/Bash_Script
1210,162954048,SubhashPatel/Windows-utility-for-sysadmin
1211,163769769,RustyShackleford221/OSCP-Prep
1212,164266648,keithrozario/Klayers
1213,167236322,thom-s/netsec-ps-scripts
1214,168534717,AidanFray/Pentesting_Tools
1215,171168692,bharat787/BashScripts
1216,171967079,0x4D31/awesome-oscp
1217,172500643,GAKINDUSTRIES/bash_scripting
1218,172528528,ghelpenstill/Powershell-For-Beginners
1219,173446251,isikbilal/Bash-Examples
1220,177149391,sebastianbeck/powershell_for_sysadmins
1221,179678684,jonathanbourbonnais/PowerShell-Tools-For-Sysadmin
1222,184035245,anandkumar11u/OSCP-60days
1223,185628367,userVII/Windows-Utilities
1224,186258065,MScholtes/SysAdminsFriends
1225,187548967,crlamke/check-system-status
1226,188208173,silent-mobius/learn_bash_the_hard_way
1227,188921955,ZHacker13/ReverseTCPShell
1228,189691257,whoisflynn/OSCP-Exam-Report-Template
1229,194192731,AHADFAROOQUI/BashScriptingNotes
1230,194554883,noraj/OSCP-Exam-Report-Template-Markdown
1231,196178797,ps29/bashscriptexamples
1232,198322406,akenofu/OSCP-Cheat-Sheet
1233,202444163,awslabs/aws-multi-account-viewer
1234,209444754,Doctor-beeees/Powershell-Scripts
1235,210890799,kj0317/new-kali-oscp-tools
1236,210933349,nonettoster/checks-bash
1237,211055171,six2dez/OSCP-Human-Guide
1238,219644773,binarybytes/oscp
1239,223436707,komin92/PayloadsAllTheThings
1240,224905681,VagrantSpider/AutoRecon-OSCP
1241,224925307,rluddersazdor/sysadmin-scripts
1242,225656917,anithya/OSCP_Exam
1244,228554380,saularraffi-fo6197/OSCP-Journey
1245,231739277,AI-BlackB0x/KeepNoteOSCP
1246,234691914,Jungl3b00k/OSCP
1247,234954588,n0mn0mn0m/oscp-network-scanner
1248,235060516,komin92/OSCP
1249,235070313,komin92/OSCP-Journey
1250,1045447,drawpile/Drawpile
1276,39890823,streamaserver/streama
1277,94279506,notfood/RimWorld-ResearchPal
1279,179526778,Parexy/Multiplayer
1280,190944595,notfood/RimWorld-Multiplayer
1281,203489363,notfood/Drawpile
1289,204879794,notfood/Blender-Config-Heavypoly
1291,224915532,rwmt/Publicise
1297,224928799,rwmt/Multiplayer
1304,96400827,3kuai/hanboDB
1305,105110479,Dromara/hmily
1306,107930307,eventuate-tram/eventuate-tram-sagas
1307,120463532,alibaba/COLA
1312,160640094,MisterBooo/LeetCodeAnimation
1314,211536933,mapfap/nodeapp
1320,235270921,guitared/nodeapp
1324,37734226,Semantic-Org/Semantic-UI-React
1325,182473646,ashokdudhade/todo-with-hooks
1326,183832799,iqbal125/react-hooks-routing-auth-starter
1328,227457315,demisjohn/ASML_JobCreator
1369,6838921,prometheus/prometheus
1370,7587038,alibaba/canal
1372,17253775,zabbix/zabbix
1373,56908255,yanglr/AlgoSolutions
1375,67186968,chinese-poetry/chinese-poetry
1376,107250737,liuyuanyuan/FantasticPostgres
1387,110212153,liuyuanyuan/smart-coding
1388,233074562,liuyuanyuan/PostgresInternals
1389,235011967,liuyuanyuan/test
1391,235012404,liuyuanyuan/test
1393,80465011,asciimoo/wuzz
1394,148847253,daliborgogic/nuxt-brotli
1395,217019981,hide3939/study3-chat-bot
1406,120395176,alibaba/easyexcel
1407,161425296,wechat-miniprogram/miniprogram-i18n
1408,18369373,spf13/viper
1410,226801589,thousandhu/startbootstrap-creative
1415,235047533,thousandhu/viper
1420,31642967,ricmoo/aes-js
1421,103426458,BrightID/BrightID
1480,131905909,RnbWd/BrightID
1482,140897043,RnbWd/tweetnacl-js
1483,140897043,RnbWd/tweetnacl-expo
1487,140897043,RnbWd/tweetnacl-native
1491,169431434,react-native-community/async-storage
1494,236676424,BrightID/react-native-aes
1495,8451252,fluffos/fluffos
1497,48563197,lonely21/fluffos
1513,232964451,genxium/BuildingAndCraftingAndTowerDefenseGame
1514,5360933,unofficial-openjdk/openjdk
1515,90961634,Tencent/wcdb
1516,218689982,KunMinX/Jetpack-MVVM-Best-Practice
1517,236225275,lenid/Find_Max_File
1520,39175817,ashald/EnvFile
1521,86759615,onekeyshell/kcptun_for_ss_ssr
1522,231720396,mypal/kcptun_for_ss_ssr
1523,30141161,j306796405/skills
1545,232288413,j306796405/js-skill
1551,175537293,SandipNirmal/weather-app-react-pwa
1553,233491255,SandipNirmal/react-testing-examples
1558,155712190,alan-turing-institute/the-turing-way
1606,207777561,open-life-science/open-life-science.github.io
1663,5831189,hapijs/hoek
1664,24029980,marc-ed-raffalli/EventService
1665,129101662,ripenko/eventservice
1669,232548627,ripenko/localizationservice
1676,232836703,ripenko/localizationkeys-webpack
1680,233299628,ripenko/thesimplevalidation
1683,237072207,ripenko/thesimplevalidation-react
1685,236365502,RonnieHemmingsen/IdentityWithoutEF
1688,58278142,NaikSoftware/StompProtocolAndroid
1689,178802975,epolar/StompProtocolAndroid
1690,237425032,karlstjarne/StompProtocolAndroid
1691,237428703,karlstjarne/StompProtocolAndroid
1692,204458962,view-design/ViewUI
1725,11836349,fisharebest/webtrees
1733,44010118,alex-erygin/SqlConnectionDialog
1734,47201020,Kyrodan/KeeAnywhere
1739,80105003,magicsunday/webtrees-fan-chart
1740,80291563,UksusoFF/webtrees-faces
1741,104254445,PhilippC/keepass2android
1742,176084218,vytux-com/vytux_cousins
1748,182128783,PeWu/topola-webtrees
1749,195648851,ric2016/compact_themes_adjuster
1750,231848548,jchue/argon-webtrees-theme
1751,127456173,emplocom/emploApiSdk
1754,202695998,gudron/wallet-address-validator
1755,225602030,gudron/gudron.newhost
1756,225602077,gudron/gudron.ssh_keys_generator
1757,225602180,gudron/gudron.dnscrypt_proxy_client
1758,225602200,gudron/gudron.wireguard_server
1759,225602283,gudron/gudron.shells_preparer
1760,37216397,JulianYG/wechat-android_exp
1761,47440536,cocos-creator/engine
1762,32451122,aquawicket/DigitalKnob
1768,58567004,aquawicket/MyApps
1770,18753593,gobrave/Post-Extender
1773,18833475,mapillary/mapillary_tools
1774,235795127,yuvraj131/twitteranalytics
1777,235795901,yuvraj131/twitteranalytics1
1780,2345629,zaphoyd/websocketpp
1781,33086039,socketio/socket.io-client-cpp
1782,514380,AliasIO/wappalyzer
1784,84601596,RyanCavanaugh/idembot
1785,124708624,sarahdayan/dinero.js
1789,143078055,gridsome/gridsome
1790,164334482,tigitz/php-spellchecker
1791,169986552,sarahdayan/php-spellchecker
1793,179897586,sarahdayan/browserstore.js
1798,184906688,sarahdayan/colorpicker-tdd-tutorial
1801,196908533,dinerojs/rfcs
1804,202634946,sarahdayan/snippets.js
1807,211290120,HZooly/built-with-gridsome
1809,226750917,sarahdayan/sarahdayan.dev
1842,231240788,sarahdayan/wappalyzer
1845,237188379,sarahdayan/built-with-gridsome
1846,2021524,inducer/islpy
1852,25800378,jleben/isl-cpp
1853,32332426,wsmoses/Tapir-LLVM
1854,69196911,tensor-compiler/taco
1855,94014556,HirokiNakahara/HLS_FPGA_NES
1856,215335894,uds-psl/tm-verification-framework
1857,232072835,iasakura/islpy
1864,9754983,eugenp/tutorials
1865,46233451,dockersamples/example-voting-app
1866,235546863,marcomaccio/example-voting-app
1867,81317754,AliyunContainerService/log-pilot
1869,220000738,antvis/Graphin
1870,118628736,GetShopTV/dbmigrations
1873,209037536,nixorn/.emacs.d
1874,232298946,adjoint-io/servant-auth-cookie
1875,233679107,nixorn/hosts-watchman
1879,20785986,jupyterhub/jupyterhub
1880,93301055,Regalis11/Barotrauma
1883,206902086,josephpbourne/josephpbourne.github.io
1887,237335877,josephpbourne/reforum
1889,174089125,rancher/k3os
1892,231339073,djmrr/k3os
1898,231686564,djmrr/elixir_dictionary
1900,231839403,djmrr/hangman
1904,170244456,dwarvesf/hidden
1905,28346842,CoRfr/spex-3gpp
1906,116431955,kodi-connect/kodi-connect
1942,116489767,kodi-connect/kodi-connect-addon
1969,228559838,kodi-connect/kodi-connect.github.io
1973,29592735,OldSnapo/GisClient-maps
1976,36015736,OldSnapo/gisclient-3
1984,82049350,goergch/angular2-qrscanner
1985,236706029,loicfavory/angular2-qrscanner
1986,10695112,Sterc/FormIt
1987,214363229,Sterc/seosuite
1997,229215154,Sterc/modx-hubspot
1998,84531631,openatx/weditor
1999,103826539,openatx/uiautomator2
2000,105279544,gocolly/colly
2001,235508233,adrestea/colly
2003,54524024,atilaneves/premock
2004,192573798,antonioborondo/environment
2005,232422081,catisnorm/wm-kaz-test
2019,233586609,lifeblood/lua-redis-admin
2020,1307238,phpmd/phpmd
2021,51136677,SachinAgarwal1337/google-places-api
2026,227778982,dareal2k/MCK
2027,151085709,sunlight3d/MachineLearningWithPython3
2028,214219005,sunlight3d/LearningCByExamples
2030,216151573,sunlight3d/KhoaHocReactNativeOnlineTechmasterT10-2019
2032,222687631,sunlight3d/KhoaHocReactNativeTechmasterT11-2019
2033,228832298,sunlight3d/J1912LLeThanhNghi
2039,231347772,sunlight3d/ReactTutorialsV16.12
2044,232309012,sunlight3d/C1904LLeThanhNghi
2046,232746755,sunlight3d/VTCAcademy
2052,85371262,williamfiset/Algorithms
2054,109518497,dgomes/homeGW
2055,139664351,custom-components/alexa_media_player
2064,184333163,gadgetchnnel/lovelace-card-templater
2067,214510201,cheelio/power-usage-card
2068,216168512,hacs/frontend
2069,235512137,alantakashi/stackoverflow
2070,234415603,xshama/salarievo
2072,235051648,xjossy/salarievo
2073,206208582,thenk008/chainMarket
2074,67597583,fishfollower/SAM
2076,200589229,rubocop-hq/rubocop-minitest
2077,123329478,weespin/WillFromAfarDownloader
2079,236268640,ramzialhaddadtm/DiscordPy-Tutorial
2081,797129,node-apn/node-apn
2082,11055207,connorlacombe/Safari-Push-Notifications
2083,11507163,uikit/uikit
2084,43333508,web-push-libs/web-push
2085,46999768,web-push-libs/web-push-php
2086,100751593,miczh/web-push-php
2087,100751709,miczh/Safari-Push-Notifications
2088,110338933,miczh/web-push
2089,110339092,miczh/node-apn
2090,194600479,nuxodin/ie11CustomProperties
2092,230456824,miczh/uikit
2094,53762444,LibreELEC/LibreELEC.tv
2095,107638770,Bringer-of-Light/Qt-Nice-Frameless-Window
2096,116055075,Conquest-Reforged/ConquestReforged
2101,55787369,zegerhoogeboom/intellij-settings
2109,92311738,apelegri/wechat-mini-program-wiki
2110,225789661,SpringLeee/HttpReports
2111,216750816,rbannat/bettv-app
2117,216750816,rbannat/tt-live-scores
2123,236599553,rbannat/gatsby-source-ttlive
2127,63995402,pingcap/docs
2129,64188788,pingcap/docs-cn
2131,184809315,TDAmeritrade/stumpy
2132,231367151,heycwkim/stumpy
2133,178158202,VaBezruchko/spark-clickhouse-connector
2137,97660576,CainKernel/CainCamera
2138,189153491,Tencent/bk-ci
2140,233041087,bytedance/ByteX
2141,234247684,tiann/Leoric
2142,144708327,zhenghaoz/gorse
2143,101142975,jsdevkr/axui-datagrid
2145,231608531,dschulte/geschwindigkeitsmessanlage
2146,232544608,l2tor/codingscheme
2148,11150301,python-babel/babel
2149,233409977,tillitomi/babel
2151,85358423,renald/emacs
2152,213333034,kristofferlind/knega
2153,195004323,voidsentinel/HexMap
2155,122030607,cjbassi/gotop
2156,190000625,0xZ0F/Z0FCourse_ReverseEngineering
2157,236327641,jbreuer95/conflux_weakauras
2183,12254645,mixerp/mixerp
2184,60366923,asadsahi/AspNetCoreSpa
2185,75505125,abpframework/abp
2186,180827233,justinamiller/SoftwareArchitect
2187,213460285,JasonGT/CleanArchitecture
2188,110260294,mooosh/scorebat
2194,233413394,ChiSamurai/habpanel-tunein-playlist
2198,234298745,bluntspoon/ImHere
2199,234299121,bluntspoon/CheckIn
2201,172799150,whaleloops/interpoetry
2202,236528556,amlight/Services-Status
2205,228682115,google/OpenSK
2206,70919773,vrtadmin/FIRST-server
2209,96552939,Cisco-Talos/pyrebox
2216,21233191,ipfs/go-ipfs
2217,32551735,primer/css
2218,155220641,huggingface/transformers
2219,172741073,pikapkg/snowpack
2220,236130339,theleadio/coronatracker
2221,230469678,avisheksaha/demochart
2222,234532834,mithicher/xpense
2225,115215349,pluosi/app-host
2226,214067389,zfjsyqk/ZFJObsLib
2227,19794451,alecthomas/kingpin
2228,33446875,justwatchcom/elasticsearch_exporter
2229,42408804,containous/traefik
2230,78099104,cloudwu/sharplua
2231,150354367,Meituan-Dianping/Logan
2232,187875305,containous/maesh
2233,210624794,containous/traefik-helm-chart
2234,41561802,raphaelm22/jquery.serializeToJSON
2235,234872131,jimmy9778/demo-spring-cloud
2237,234872802,zeroone2005/demo-spring-cloud
2238,198012294,wabbajack-tools/wabbajack
2239,222245055,kilikfan/treasure
2240,95371322,libretro/dolphin
2241,12204147,mautic/mautic
2242,19245530,FirebaseExtended/reactfire
2243,20619036,pi-hole/pi-hole
2244,26783295,Kong/kong
2245,32247847,ReactiveX/rxjs
2246,33578240,js-org/js.org
2247,35848897,rexxars/react-markdown
2248,36836475,tmux/tmux
2249,42455934,davidkpiano/xstate
2250,65198752,stdlib/lib
2251,77144337,openfaas/faas
2252,104509080,JoeRoddy/firestation
2253,124257233,react-spring/react-spring
2254,127754768,kentcdodds/advanced-react-patterns-v2
2255,145241512,leandrotk/functional-programming-learning-path
2256,172521926,react-spring/react-three-fiber
2257,227163355,OpenMediaVault-Plugin-Developers/docs
2258,189214912,KarenUllrich/Pytorch-Backprojection
2259,17959555,anishathalye/dotbot
2260,215188250,cplus66/blueprint
2261,218933743,cplus66/dev-cloud
2262,41578337,nathancahill/split
2263,90904321,tomastrajan/angular-ngrx-material-starter
2264,104590247,ionic-team/ionic-docs
2265,145829586,CapitalOnTap/books-challenge-ui
2266,19130362,geerlingguy/ansible-for-devops
2267,51601601,meanbee/docker-magento2
2268,59522149,gruntwork-io/terragrunt
2269,190718442,luna/enso
2270,231239680,nekikara/interpreter
2271,231239680,nekikara/scheme-like-dsl-in-scala
2275,231475926,nekikara/algorithm-in-scala
2277,231677041,nekikara/yaorozu
2316,232825060,nekikara/cats-learning
2334,139061959,BlueWallet/Website
2336,236694684,odniklas/Website
2337,236003566,Persgroep/autotrack-exercise
2338,4844734,wesm/pydata-book
2339,1134457,licess/lnmp
2341,3841498,tufanbarisyildirim/php-apk-parser
2342,174698235,thunil/TecoGAN
2343,197770092,shuidi-fed/vapper
2360,235103908,bandarulakshminarasimham/my-lambda-cdci
2362,67962648,vuetifyjs/vuetify
2363,232162282,tevfiksirin/gatsby-starter-netlify-cms
2365,135989792,fomantic/Fomantic-UI
2367,86572667,samanzamani/PersianDate
2368,118928912,adriangl/OverlayHelper
2369,231981153,bahmandamia6982/DataIO
2379,28929397,mariusmilea/dotfiles
2380,67142673,jmarriott03/jmarriott03.github.io
2421,27771675,xBimTeam/XbimWindowsUI
2422,233720573,RafasTavares/XbimWindowsUI
2423,109200592,mjohnsullivan/flutter-by-example
2424,176306996,seenickcode/tourismandco
2426,185865569,beaucarnes/mern-exercise-tracker-mongodb
2427,20787122,PostgREST/postgrest
2428,27440142,haskell-servant/servant
2429,208549583,RadioOperator/CMSIS-DAP_for_STLINK-V3MINI
2430,112527777,microsoft/SmartHotel360-Website
2431,99416194,SagarSDagdu/SDDownloadManager
2432,169094487,piyushghoghari08/AKWaveform
2433,171643669,rursache/ToDoList
2434,189373222,uizaio/uiza-ios-sdk
2436,227559368,mohamed-arradi/AirpodsBattery-Monitor-For-Mac
2437,231903896,Ramiz69/Slider
2438,235483408,hirokimu/EMTNeumorphicView
2439,217297590,scoavoux/tech_crunch
2441,82637221,digixc/8-CS-AI
2450,87302289,digixc/Y9-CS-eSafety
2453,96079516,digixc/7-CS-ESafety
2456,147357148,digixc/GCSE_Computing_Fundamentals
2464,166478702,digixc/GCSE-Options
2465,556060,seejohnrun/ice_cube
2466,2781355,zipmark/rspec_api_documentation
2467,33739333,thoughtbot/administrate
2468,50421073,tandusrl/acts_as_bookable
2469,175846555,datastorm-open/shinymanager
2473,224004886,samleighton87/NEDEN_Outlook_FEP
2489,85697676,adfoucart/info-h-400
2490,232332719,adfoucart/infoh400-2020
2495,234297367,adfoucart/infoh400-labs2020-web
2497,236990695,adfoucart/deephisto
2508,235662804,hungla/test
2510,12933201,krzysztof-o/spritesheet.js
2511,68090410,flash2x/AnnieJS
2524,1217404,jordansissel/fpm
2525,6974751,codingtony/udev-monitor-hotplug
2526,87705200,amanusk/s-tui
2527,127755489,erpalma/throttled
2529,62921553,rook/rook
2532,116693072,ceph/ceph-csi
2576,170927160,ShyamsundarR/ceph-csi
2583,847957,praw-dev/praw
2584,163763308,trakt/api-help
2591,166003569,fengqiangboy/flutter-nordic-dfu
2593,17098587,dariusk/corpora
2594,55797667,ziyuang/fast_fisheye
2595,214196606,XavierGimenez/vega-transform-sparql
2596,43075204,sj681/vampire
2618,1201104,webbukkit/dynmap
2619,815644,miekg/dns
2620,5774948,neilpa/cmd-colors-solarized
2621,19919669,sentsin/layer
2622,23088740,axios/axios
2623,49050858,hujinglin/MVA-Downloader
2624,128907699,iamkun/dayjs
2625,222961613,magnox/SpinnerDatePicker
2627,229764949,magnox/birthdays
2630,232296309,Alexander13Oster/birthdays
2631,235053825,Alexander13Oster/SpinnerDatePicker
2632,235074034,Alexander13Oster/SpinnerDatePicker
2634,197075320,Elfocrash/Youtube.AspNetCoreTutorial
2635,71703880,jeffkolez/websocket-demo
2636,100069227,owInteractive/laravel-challenge
2638,232841296,newtonscavazzini/laravel-challenge
2678,115668538,jacobrast/lidarcar
2683,231366327,shahn95/LiDAR-Enabled-Autonomous-Car
2685,231366613,shahn95/LiDAR-Enabled-Autonomous-Car
2686,231366752,shahn95/LiDAR-Enabled-Autonomous-Car
2689,231368295,shahn95/lidarcar
2690,202325109,Jainarayan/Act_Drag-Drop
2691,36469113,vdorie/blme
2692,56162570,julianfaraway/brinla
2693,61026905,timcdlucas/INLAutils
2694,90726887,becarioprecario/INLAMCMC_examples
2695,200623290,martablangiardo/INLA-Workshop-Glasgow2019
2696,24195339,angular/angular
2697,128636610,Koenkk/zigbee2mqtt
2698,101350165,PaulMcInnis/JobFunnel
2699,5200099,thoughtbot/guides
2700,157556207,johnpolacek/react-widget-library-starter
2701,219443882,cyanharlow/purecss-lace
2702,226380668,BackToTheCode/project.vault-maker
2712,226155948,benedekrozemberczki/karateclub
2713,161502909,js-factory/onejs
2717,163975121,js-factory/hoc
2720,165025562,js-factory/store
2726,126018333,fetrarij/ngx-daterangepicker-material
2727,40418847,tayllan/lights-out
2728,119762075,tayllan/spring-jpa-jersey
2729,230980153,RenanRB/curso-angular
2763,230852498,jdfergason/natscat
2764,12615154,barryvdh/laravel-debugbar
2765,147535576,monkeydom/TCMPortMapper
2766,133908095,genicam/harvesters
2767,234268133,shamane/ror52to6
2769,234276328,shamane/ror52to6
2780,29887499,dkhamsing/open-source-ios-apps
2781,173592972,satwikkottur/clevr-dialog
2782,225948935,vmurahari3/visdial-bert
2783,71485542,kevinpapst/kimai2
2784,139227775,YunoHost-Apps/kimai2_ynh
2785,3544424,jakubroztocil/httpie
2786,6093324,Kozea/wdb
2787,19360616,docker/swarm
2788,29804085,commonmark/cmark
2789,34887588,facebook/PathPicker
2790,36353527,typicode/hotel
2791,80560502,mattcone/markdown-guide
2792,162846890,jnavila/git-manpages-l10n
2793,163075750,docs4dev/docs4dev
2794,175839913,github/semantic
2795,234083694,justjavac/awesome-node-utils
2796,147241834,flekschas/regl-scatterplot
2798,79379549,gajus/scalpel
2799,230265582,avito-tech/avito-android
2800,40008106,MarshallOfSound/Google-Play-Music-Desktop-Player-UNOFFICIAL-
2801,111843742,tiramiseb/terraform-provider-gandi
2802,124705775,peterhaneve/evemon
2803,208639851,Egoistically/ALAuto
2804,12678311,blueman-project/blueman
2805,21041510,google/xsecurelock
2806,232296736,Royalsspirit/cisco-api
2830,156157055,practicalAI/practicalAI
2831,165519243,JustaPenguin/assetto-server-manager
2833,154250313,troy-tian/AlgorithmsLearn
2834,231198033,troy-tian/AupeLearn
2836,233534192,troy-tian/OpenGLLearn
2837,233534378,troy-tian/OpenGLLearn
2841,233549520,troy-tian/CPPLearn
2846,7781361,marcelklehr/changesets
2847,9156525,share/sharedb
2848,209937771,orgordin/vuejs-avataaars
2849,226577046,martijnvanduijneveldt/markdown-diff
2850,3925242,bkaradzic/bgfx
2851,11378624,learnopengles/airhockey
2853,13847975,gfx-rs/gfx
2854,18575504,GraphicsEmpire/cmake_glut
2855,57091299,sheldonth/ios-cmake
2856,80814363,leetal/ios-cmake
2857,233220287,shaishailiu/MobileRender
2867,234501294,shaishailiu/cmaketest
2878,234126156,andres0901/pitstop
2880,3633213,thrust/thrust
2881,235326136,m4urin/AIGymWiki
2892,186355571,joeazhou/gs-consuming-rest
2895,23358414,jdinkla/CWM_EMF
2896,17057368,alecjacobson/gptoolbox
2907,111565012,nmwsharp/polyscope
2909,234316377,bbrrck/polyscope
2910,233446292,hamidhazrati/jrni
2913,82956161,stripe/react-stripe-elements
2915,31792824,flutter/flutter
2919,231465000,B0ulzy/docker-php
2928,231978408,B0ulzy/docker-php-fpm
2933,1346154,Yubico/yubico-pam
2934,12785230,maxheld83/schumpermas
2935,20684497,maxheld83/dotfiles
2969,56439176,maxheld83/pensieve
2972,64254158,soztag/soztag.github.io
2973,73922988,monofon/pandoc-format
2974,160166741,maxheld83/cv
2975,167965136,jimhester/ghactions
2976,167965136,maxheld83/ghactions
2986,191420066,nwtgck/gh-card
2987,200754644,rstudio-conf-2020/applied-ml
2989,201538545,tidymodels/tune
2992,201923848,soztag/mindset
2993,202176953,pandoc/pandoc-action-example
2995,210170141,dexterleng/vimac-releases
2996,213953211,kiernann/gluedown
2997,217389379,maxheld83/reacthexgrid
2999,219071141,rstudio/bootstraplib
3000,228049328,maxheld83/shortcts
3001,236607543,gracelawley/instructor-and-TA-notices
3003,90796663,puppeteer/puppeteer
3004,93076012,prisma-archive/chromeless
3005,16908087,fancyerii/fancyerii.github.io
3006,106080065,shenweichen/DeepCTR
3007,170116597,fancyerii/blog-codes
3008,224296809,google-research/ALBERT
3009,227295633,ajency/binary-flux
3010,232995734,ajency/toppeq-website
3019,233845012,ajency/toppeq-cms
3027,236560142,mahmoudashrafmohamed/MVVM-Kotlin-Android-Base
3028,27359253,gioblu/PJON
3029,135750371,hassio-addons/addon-node-red
3032,138331573,sebastianruder/NLP-progress
3033,78240897,CoreyMSchafer/code_snippets
3034,35882519,zalando/connexion
3035,36071697,ory/hydra
3037,236616564,gaida/hydra
3038,124070868,xianmin/hugo-theme-jane
3041,93785122,typicode/demo
3042,232145457,nitin1982/PixelData
3050,232147627,nitin1982/demo
3051,236606535,nitin1982/nitin1982.github.io
3054,236607314,nitin1982/mycodespace.github.io
3057,13183164,adafruit/TinyDHT
3058,25746913,caramelli/fbmark
3059,160699111,runem/lit-analyzer
3079,173166645,runem/web-component-analyzer
3107,211665033,andreasbm/web-skills
3108,224716365,justinfagnani/chessboard-element
3109,228677933,idea-note/cypress
3112,11667865,reactjs/react-rails
3113,12274152,itchyny/lightline.vim
3114,12732573,junegunn/vim-plug
3115,21316089,quidproquo/mr_video
3117,37653820,SUSE/doc-sle
3121,64884971,changemewtf/no_plugins
3122,96195015,SUSE/rmt
3141,98548398,SUSE/scc-codestyle
3152,188616302,holvi/flake8-holvi
3156,169082896,lvanlowe/SMADTools
3165,14964475,AvaloniaUI/Avalonia
3167,46277353,mgp25/Instagram-API
3168,60518540,LevPasha/Instagram-API-python
3169,41090925,northernbeat/nbeat-prototype
3173,58739502,northernbeat/nbeat-gulp-tasks
3177,44160550,mcnamee/react-native-starter-kit
3178,158594939,beyondcode/laravel-websockets-demo
3179,235837389,emaklakov/rn-pw-wallet
3193,228125082,ghouse354/treasure-chest
3204,229586798,bb-frc-workshops/halsim-drivethru
3212,32092045,splhack/macvim-kaoriya
3213,41589337,BookStackApp/BookStack
3215,72495579,go-gitea/gitea
3216,163598129,sharkwouter/minigalaxy
3217,181362358,jannispinter/indicatetls
3218,205225161,subhra74/snowflake
3219,23061798,scylladb/seastar
3220,128842710,facebookincubator/mvfst
3222,145967548,matepek/vscode-catch2-test-adapter
3223,163625927,swellaby/vscode-rust-test-adapter
3224,177436859,thelehhman/plainwhite-jekyll
3225,116402827,thecodingmachine/docker-images-php
3226,148149670,thecodingmachine/react-native-boilerplate
3227,22259044,albertlauncher/albert
3229,41881900,microsoft/vscode
3230,48935429,toolkit-for-ynab/toolkit-for-ynab
3231,94143026,wesbos/awesome-uses
3232,133442384,denoland/deno
3233,157014461,welldone-software/why-did-you-render
3235,1685764,dhg/Skeleton
3236,63537249,facebook/create-react-app
3239,123827332,transitive-bullshit/create-react-library
3240,127490619,chromaui/learnstorybook.com
3241,164335543,henriquemacedo/henriquemacedo.pt
3245,180241820,GoogleChrome/lighthouse-ci
3246,232423624,henriquemacedo/demo-project-package
3251,232837192,henriquemacedo/demo-project
3254,233021579,henriquemacedo/dummy-github-package
3255,233063389,henriquemacedo/dummy-package
3263,233075362,henriquemacedo/dummy-project
3266,106409523,Sparclex/dotfiles
3269,96887946,dotwebstack/dotwebstack-framework
3285,131835671,r3oath/vimify
3287,31969524,christophano/CsvHelper.Excel
3288,128463254,vapor-community/pagination
3289,138710031,memtrip/swift-mvi
3290,147893036,Prince2k3/prestige
3295,160969459,mfxstudios/passport-jwt
3298,190878115,CombineCommunity/rxswift-to-combine-cheatsheet
3299,223010080,fabianfett/swift-lambda-runtime
3300,163206447,pizzaql/pizzaql
3301,85083756,choojs/choo-devtools
3302,10363666,pinterest/widgets
3303,62091339,kubernetes/kops
3304,79785176,zzxwill/wordpress
3305,221636774,zzxwill/terraform-alicloud-openshift
3306,27895999,antiguab/BAFluidView
3307,45625349,SergioChan/SCTrelloNavigation
3308,62931552,VansonLeung/react-native-jelly-side-menu
3309,72532146,exyte/Macaw-Examples
3310,77713709,hackjutsu/Lepton
3311,80641217,CosmicMind/Motion
3312,84387539,efremidze/Magnetic
3313,97062850,quicktype/quicktype
3314,113912360,developit/microbundle
3315,142180312,pavjacko/renative
3316,148935509,MaxDesiatov/Tokamak
3317,176777353,rainbow-me/rainbow
3323,200943931,ahkohd/switch-desktop
3324,203569485,IjzerenHein/react-navigation-shared-element
3326,235486593,SketchK/a-playable-refresh-demo
3327,7106250,spulec/freezegun
3328,46067753,github-tools/github-release-notes
3329,8610608,scholarslab/NeatlineSimile
3331,21904428,scholarslab/neatline.org
3332,222530585,eam5/fullstack_react
3350,226742982,eam5/fullstack_backend
3355,7124433,phyllis0129/MyWeb
3358,188716675,aamarioneta/audio-reactive-led-strip
3361,231608861,aamarioneta/matrixvfd
3363,232106293,aamarioneta/denon-rs232
3369,2771544,rq/rq
3370,87306299,dsprenkels/sss
3371,95127415,dsprenkels/sss-swift
3373,109523818,gantonious/MaterialDayPicker
3380,173942076,nerdkiez/nerdkiez.github.io
3384,184823409,rainer-the-bird/website
3399,218585955,ChrisWeissmann/Simple-Onboarding-Slide-Delivery
3400,234057939,ChrisWeissmann/sss-swift
3403,77625723,i1tech/puppet-acl
3405,68875313,chapin666/books
3406,132416836,feiyanke/thinkdsp-cn
3407,173010773,o0o0o0o0o0o0o/image-processing-from-scratch
3408,44820350,42wim/matterbridge
3410,187485326,imShara/matterbridge
3412,231214117,glazzara/matterbridge
3415,103633984,goldbergyoni/nodebestpractices
3416,136026789,iperov/DeepFaceLab
3418,218711123,impulse/react-hooks-mobx-state-tree
3419,6296790,spring-projects/spring-boot
3420,72710678,happner/happn-3
3424,73200472,happner/happner-2
3429,301742,tornadoweb/tornado
3433,29154541,mivade/dotfiles
3440,41756998,pytest-dev/pytest-xdist
3442,108510280,lepture/authlib
3444,164121626,timeflux/timeflux
3445,165346139,ZaxR/bulwark
3446,179109757,conda-forge/typing_inspect-feedstock
3447,179492861,encode/httpx
3448,210887838,mivade/htcondor_status
3451,212840200,snakemake/snakemake
3453,223217270,mivade/argparse_dataclass
3463,236348376,msantares/test-task
3464,689344,libretro/RetroArch
3489,2639398,libretro/nxengine-libretro
3491,2695844,libretro/libretro-super
3521,6478144,libretro/mame2003-libretro
3525,9132031,libretro/libretro-uae
3526,10444725,libretro/parallel-n64
3536,12512742,libretro/picodrive
3537,15782998,libretro/retroarch-joypad-autoconfig
3554,17064164,libretro/common-overlays
3557,17425171,libretro/Genesis-Plus-GX
3558,18272712,libretro/libretro-fceumm
3564,20975356,libretro/beetle-pce-fast-libretro
3566,21072992,libretro/beetle-ngp-libretro
3570,21079702,libretro/beetle-wswan-libretro
3574,21991748,libretro/retroarch-assets
3575,25801859,libretro/snes9x2005
3578,30129806,libretro/glsl-shaders
3591,63189673,libretro/slang-shaders
3605,104801082,libretro/retroarch-snap
3614,106981592,libretro/SameBoy
3615,122410289,libretro/desmume
3617,122598174,libretro/docs
3637,178939953,libretro/blastem
3639,205756854,libretro/bsnes
3646,226915651,hizzlekizzle/libretro-super
3650,231169203,hizzlekizzle/desmume
3651,69741284,PoE-TradeMacro/POE-TradeMacro
3652,230505835,Kyusung4698/PoE-Overlay
3656,235959877,michaelschufi/PoE-Overlay
3657,98420905,manexagirrezabal/manexagirrezabal.github.io
3658,128847439,hsilived/SpinWheel
3659,150484353,moogacs/problem-solving
3660,110759796,librespot-org/librespot
3661,147491510,LukeSkywalker92/TeleFrame
3662,14463189,hbhakhra/sarf-tester
3665,204690372,hanguangbaihuo/sparrow_cloud
3668,235283287,fpereiro/backendlore
3669,232794639,arkdrakken/develop
3672,178038905,yessirpopesama/pin
3673,235029380,yessirpopesama/gbf-cms
3675,5532313,Wikia/app
3677,231686142,timmyquivy/app
3679,112892985,garden-io/garden
3680,162077363,bryanalves/helm-charts
3682,177211382,stevenpall/github-actions
3683,184286875,actions/runner
3684,204069616,flux-web/flux-web
3685,216046390,sighupio/permission-manager
3686,216104016,stefanprodan/hrval-action
3687,232035595,stevenpall/helm-charts
3688,44382175,jquenee/easy-booking
3708,84190318,jquenee/tech-docs
3738,158421929,verygoodsecurity/vgs-collect-examples
3744,170322640,verygoodsecurity/netlify-addon-example
3745,202370571,verygoodsecurity/vgs-collect-ios
3746,217535261,verygoodsecurity/vgs-collect-android
3747,235132870,verygoodsecurity/android-sdk-demo
3749,235652688,ilovetea/android-sdk-demo
3750,16599031,barryclark/jekyll-now
3751,142760526,flazer/weather-station
3752,160667162,pr0gstar/progstar.media-old
3753,234481943,pr0gstar/progstar.github.io
3754,234481943,pr0gstar/pr0gstar.github.io
3760,234481943,pr0gstar/pr0gstar.media
3807,64542190,coryhouse/javascript-development-environment
3808,43577172,AngleSharp/AngleSharp.Io
3813,65284422,Tyrrrz/YoutubeExplode
3822,161012019,jellyfin/jellyfin
3823,231971970,Zyano/YoutubeExplode
3827,232122440,Zyano/AngleSharp.Io
3831,79474824,oarriaga/RBF-Network
3832,233128162,ThoughtWorksInc/transformations-with-pyspark
3833,94546914,rosell-dk/webp-express
3834,34376496,out0fmemory/GuozhongCrawler
3835,35017238,hackmdio/codimd
3836,37798806,yangshun1029/aria2gui
3837,44048021,sunzhaoyang/BaiduAria2Resume
3838,48378947,fatedier/frp
3839,57974334,MoePlayer/DPlayer
3840,63566372,crazyandcoder/ImageZoom
3841,76838017,iina/iina
3842,77213120,Eugeny/terminus
3843,77993578,LuckSiege/PictureSelector
3844,93847793,vivian8725118/TimeLine
3845,98584907,cesarferreira/drone
3846,101726184,drawers/SpinnerDatePicker
3847,105877297,GcsSloop/rclayout
3848,115594996,onlyless/Movie-heaven-crawler
3849,127769231,DIYgod/RSSHub
3850,147140322,uestccokey/EZDownload
3851,150619526,devgianlu/Aria2App
3852,152742185,yanue/V2rayU
3853,204403074,Tomotoes/scrcpy-gui
3854,208237250,zhengcx/MethodTraceMan
3855,230857084,avhot/www.cav.ooo
3856,231211384,HarryJoker/MuilteRecycle
3882,231590523,HarryJoker/ShortVideo
3886,233847310,HarryJoker/NineAvatar
3914,236925102,HarryJoker/GameIMServer
3916,236932121,HarryJoker/dev.xyyl1.com
3918,101664683,miyakogi/pyppeteer
3919,151156413,facebookresearch/PyTorch-BigGraph
3920,205267360,salesforce/ctrl
3921,54881727,lschmierer/ecs_bench
3922,230595891,launchbadge/sqlx
3923,68287594,academicpages/academicpages.github.io
3924,437011,zfsonlinux/zfs
3925,34302698,serverless/serverless
3926,51905436,dherault/serverless-offline
3927,108714160,phodal/serverless
3928,137854081,GoAdminGroup/go-admin
3929,1534303,easymotion/vim-easymotion
3930,2096579,markedjs/marked
3931,16944764,lepture/mistune
3932,19594095,rjocoleman/language-dotenv
3933,24733577,flyingrub/scdl
3934,29247444,yaronn/blessed-contrib
3935,39111193,TypeStrong/ts-node
3936,51588320,stryker-mutator/stryker
3937,123303402,python-poetry/poetry
3939,114969824,adnanaziz/EPIJudge
3942,190723737,FusionX9000/ServiceNow-Client
3944,234230623,FusionX9000/EPIJudge
3945,5637864,Tomas-M/linux-live
3946,122470958,herminiogg/ShExML
3949,234295458,herminiogg/solid-react-todo-list
3954,130013,akka/akka
3969,7035651,lampepfl/dotty
3974,9283927,scalatest/scalatest
3975,32866104,hypriot/flash
3979,49221370,hypriot/image-builder-rpi
3981,86561963,eloots/akka
3994,115749730,lightbend/Pi-Akka-Cluster
4049,120765576,eloots/Pi-Akka-Cluster
4099,201463758,eloots/flash
4100,204444076,eloots/dotty
4109,210918313,olofwalker/ting
4110,229287888,eloots/akka-typed-on-scala-3
4112,231994683,chrisfield/lambda-react
4116,59628298,parflow/parflow
4118,205213402,arezaii/pf_singularity
4137,91491653,oscarotero/node-sketch
4138,102393541,laboratoriobridge/bold
4140,221605417,diez/diez
4141,222690916,carolinekrone/portfolio
4142,224444129,alyssaxuu/flowy
4143,183683671,balenalabs/balena-sound
4145,2198467,php-build/php-build
4146,4140723,phpenv/phpenv
4147,4597834,vim-vdebug/vdebug
4151,18863040,laravel/homestead
4152,42480275,spatie/laravel-permission
4153,42622303,JosephSilber/bouncer
4154,77889387,timacdonald/rule-builder
4155,100008715,nisrulz/flutter-examples
4156,138273696,CodingInfinite/FutureBuilderWithPagination
4157,151663868,phpenv/phpenv-installer
4158,227270948,ionicfirebaseapp/getflutter
4159,79348512,CMU-program-analysis/CMU-program-analysis.github.io
4176,214993935,tkymx/NezumiLand
4232,43584170,tuanavu/coursera-university-of-washington
4233,77059425,theislab/dca
4234,89468855,pauleveritt/visual_debugging
4235,226983043,zipsa/PublicDataMining
4236,227279419,zipsa/test
4237,232370961,zipsa/GT_Projects
4239,232660374,zipsa/git_coursera
4246,232662758,zipsa/git_csr
4254,232945480,zipsa/AnalysisAutomation
4257,74742242,Irstea/collec
4258,24734938,emory-libraries/TheKeep
4259,159381045,emory-libraries/web-redesign
4260,14591130,arhs/iban.js
4266,146200962,mlr-org/mlr3
4267,156406046,kevinblighe/PCAtools
4268,17728164,hashicorp/terraform
4269,23633237,galaxyproject/ansible-galaxy
4272,33816473,testcontainers/testcontainers-java
4277,46383942,ansible-community/molecule
4278,31708026,awslabs/aws-lambda-redshift-loader
4279,91933692,aws-samples/aws-glue-samples
4280,443158,jkuhnert/ognl
4281,2873515,anilgulecha/trelby
4282,4385294,thymeleaf/thymeleaf
4283,57406408,jonwarren/vim-config
4284,60317198,jonwarren/jtoggl
4285,83153035,jonwarren/one-dark.vim
4286,91282954,jonwarren/jbake
4287,91283125,jonwarren/jbake-example-project-freemarker
4288,226636247,jonwarren/ts3
4316,170979143,giux78/nteract
4327,179264077,teamdigitale/pdnd-openapi-server
4328,187450260,teamdigitale/pdnd-open-notebooks
4338,187450260,teamdigitale/nteract-on-ckan
4340,232533383,pagopa/io-functions-onboarding
4345,233081050,giux78/io-functions-template
4348,236564223,giux78/io-admin-cli
4350,205472774,squirrellyjs/squirrelly-docs
4351,5558246,substack/stream-handbook
4352,11808187,rvagg/through2
4353,28882452,elementary/website
4354,92038127,codejamninja/react-gtk
4357,153500249,sdras/awesome-actions
4358,153548170,RMcNeely/website
4359,184812503,ChartIQ/chartiq-react-app
4370,196701619,tauri-apps/tauri
4371,226796939,axetroy/dvm
4375,50461701,tensorflow/serving
4376,51428551,badele/je-n-ai-pas-oublie
4377,179143133,jesuisundesdeux/jesuisundesdeux
4387,181352945,Edu4rdSHL/findomain
4388,185262675,jesuisundesdeux/vigilo-webapp
4391,232050152,badele/strava-to-file
4393,233132692,badele/qgis-starter-kit
4405,233884388,mcer12/Temper-ESP8266
4406,234071367,MaximeAubanel/GoGame
4407,19519808,herlo/freeipa
4408,32626188,PeachFlame/cPanel-fixperms
4409,59481207,faisalsami/odoo-xmlrpc
4410,163302293,Vladar4/itdr
4411,223029857,duysqubix/MuOxi
4412,235049372,serxoz/odoo-xmlrpc
4413,1181927,bitcoin/bitcoin
4414,21935031,fffaraz/awesome-cpp
4415,54749625,matteocontrini/comuni-json
4417,232155363,the-fast-track/book-5.0-1
4418,232766723,lucastanz/comuni-json
4421,221001148,Kkevsterrr/geneva
4422,236547691,d1ego/AplicacionesDeRed
4426,236768263,d1ego/SistemasDistribuidos
4428,219931892,product-security-group/Security_Ladders
4429,227747985,hausec/Bloodhound-Custom-Queries
4431,236623278,b17zr/Bloodhound-Custom-Queries
4432,219554622,janseeuw/rentivate-landingpage
4440,13098534,rjrodger/patrun
4443,47289658,inxilpro/node-checkenv
4445,50224698,zeit/micro
4447,174069278,brandonpsmith/art
4451,174259695,justjavac/vscode-deno
4454,231659854,brandonpsmith/patrun
4455,233159045,eliassjogreen/denon
4458,235732166,brandonpsmith/denon
4459,53700230,web-push-libs/webpush-java
4460,106082745,programmingwithnaveen/Unsaved-Changes
4461,151843254,rrweb-io/rrweb
4462,201535836,onderceylan/pwa-asset-generator
4463,3228505,atom/atom
4464,25357171,ShendoXT/memcarduino
4465,234567962,cianru/huawei-publish-gradle-plugin
4475,89253030,mozilla-conduit/lando-ui
4483,89253227,mozilla-conduit/lando-api
4497,91821745,mars-f/lando-ui
4498,201310047,GoogleCloudPlatform/dataprocspawner
4506,1601209,Kong/unirest-java
4507,7231999,orika-mapper/orika
4508,76060057,jveverka/do-not-ask-why
4514,127846381,qqwweee/keras-yolo3
4515,140322716,jveverka/java-11-examples
4539,163414025,jveverka/file-server
4543,210439876,jveverka/data-lab
4555,215098540,jveverka/java-boot-camp
4560,87821,rsolr/rsolr
4561,43457024,pulibrary/pulbot
4564,48133756,tpendragon/dotfiles-local
4565,49439415,pulibrary/pomegranate
4653,56603221,pulibrary/pul_solr
4686,56795086,pulibrary/CJKFoldingFilter
4687,57136753,pulibrary/cicognara-rails
4694,66685502,samvera/valkyrie
4733,70531088,pulibrary/princeton_ansible
4752,75130658,samvera/hyrax
4753,98223070,pulibrary/figgy
4820,108442649,jrgriffiniii/valkyrie
4821,142445042,pulibrary/drds-handbook
4824,157741631,pulibrary/pulfalight
4825,28340662,shines77/RingQueue
4874,33176942,shines77/JsonFx
4875,83119431,apachecn/AiLearning
4876,145553672,fighting41love/funNLP
4877,158083222,zepen/funNLP
4878,199799922,shines77/kvdb
4882,208463072,kyjm/compiler-in-js
4883,228039707,shines77/tdPack2
4884,236068599,shines77/SpringFestival-2020
4891,476179,yesodweb/wai
4894,3728161,haskell/cabal
4895,165531411,koenijn/knx-go
4896,207516878,ocharles/weeder
4897,226533809,vapourismo/wai
4899,228924793,ocharles/ghc-nix
4900,236179694,haskell/ide
4901,185703300,dsherret/using-statement
4902,49904224,nhaarman/mockito-kotlin
4903,164867028,pedromassango/flutter_delivery
4904,186575075,seemoo-lab/opendrop
4905,187475989,haroldadmin/MoonShot
4906,190186711,haroldadmin/Vector
4907,234923370,ariefannur/instagram-wannabe
4910,233265890,sreiswig/Recipes
4913,291137,ohmyzsh/ohmyzsh
4915,127525682,l3nz/cli-matic
4916,205895782,tmewett/BrogueCE
4917,3156820,freedomofpress/securedrop
4919,10942116,mganss/HtmlSanitizer
4920,24027784,myles/awesome-static-generators
4921,25785210,nolaneo/SeaEye
4922,36172821,embarklabs/embark
4923,54099203,ssuperczynski/ngx-easy-table
4924,56333861,verdaccio/verdaccio
4925,65548416,abdonkov/DSA
4926,68720867,firstcontributions/first-contributions
4927,69673033,ardalis/CleanArchitecture
4928,74253137,AppMetrics/AppMetrics
4929,81422627,drozhzhin-n-e/ng2-tooltip-directive
4930,91465233,TemainfoSoftware/truly-ui
4932,98722955,TarasKovalenko/ngx-datatable
4935,100930743,TarasKovalenko/vscode
4947,102845697,lentschi/ngx-ellipsis
4948,102946176,omridevk/ng-keyboard-shortcuts
4949,103972121,pwntester/ysoserial.net
4950,111310838,TarasKovalenko/azuredatastudio
4953,129139134,Azure/azure-cosmos-js
4954,130663372,TarasKovalenko/70-483
4956,135143737,porscheinformatik/clarity-addons
4957,144590939,VSCodium/vscodium
4958,146022673,GoogleChromeLabs/size-plugin
4959,155592068,mlrv/ng-material-treetable
4960,169659102,shlomiassaf/ngrid
4961,173314762,JetBrains/JetBrainsMono
4962,215566462,actions/cache
4963,222265773,ciampo/portfolio-2019
4964,232569955,TarasKovalenko/one-click-hugo-cms
4966,169077913,okode/cordova-plugin-geofence
4967,237301102,vancan1ty/cordova-plugin-geofence
4968,231486591,BrutalAndSick/DBox-Exam
4971,79352,mikel/mail
4972,77713737,passy/awesome-recursion-schemes
4973,174519224,Focusrite-Novation/JUCE
4975,112027892,brianegan/flutter_architecture_samples
4977,88664721,kubernetes/examples
4978,203049611,burluckij/FolderLockDriver
4979,217574530,microsoftarchive/msdn-code-gallery-microsoft
4980,3598839,qtile/qtile-examples
4981,236750354,bradtraversy/vanillawebprojects
4982,233717289,jmlimas/cotizacion
4983,233883083,jmlimas/cotiza
4985,233924909,jmlimas/cotizado
4987,233954990,jmlimas/ejemplo
4989,233959448,jmlimas/cotiza
4990,233974271,jmlimas/cotizacion
4992,233979209,jmlimas/subirPDF
4994,87644270,Scrin/RuuviCollector
4995,148121193,digiaonline/oulunliikenne-digitransit-ui
5009,223818237,sam-hosseini/freelancing-in-finland
5010,237221444,duubliduu/alkoholocaust-service
5013,237415283,aleksik/alkoholocaust-service
5015,110923291,adammillerio/docker-templates
5017,111871163,adammillerio/docker-rutorrent
5022,112098285,adammillerio/docker-sonarr
5027,126745571,adammillerio/beets-pipeline
5028,164692131,Ngolinvaux/SA2Randomizer
5030,235476052,adammillerio/keep
5036,160493291,swetoast/steamlink-launcher
5037,93163073,dependabot/dependabot-core
5040,236038282,a1flecke/dependabot-core
5042,229377837,OurMachinery/themachinery-public
5043,231814692,blue-spirits/ccupido-domain
5047,231820303,blue-spirits/ccupido-api
5059,231834791,blue-spirits/ccupido-webapi
5064,447036,mopidy/mopidy
5065,585285,gollum/gollum
5066,911765,diaspora/diaspora
5067,1052675,craftyjs/Crafty
5068,1481305,realpython/python-guide
5069,3474395,JeffBezanson/femtolisp
5070,4578898,HabitRPG/habitica
5071,5616877,Revolutionary-Games/Thrive
5072,6501727,swaroopch/byte-of-python
5073,8663885,AlexNisnevich/untrusted
5074,13491895,EbookFoundation/free-programming-books
5075,14080274,ronreiter/interactive-tutorials
5077,15037172,webrecorder/pywb
5078,15193430,codecombat/codecombat
5079,19955205,bitemyapp/learnhaskell
5080,21916531,andymeneely/squib
5081,21958186,ellisonleao/magictools
5082,22553278,webtorrent/instant.io
5083,25166255,kostya/benchmarks
5084,31288958,hashicorp/vault
5085,34293124,internetarchive/openlibrary-client
5086,34798315,olistic/warriorjs
5087,35164952,unisonweb/unison
5088,36633370,awesome-selfhosted/awesome-selfhosted
5089,41654081,drduh/macOS-Security-and-Privacy-Guide
5090,41811496,deck-of-cards/deck-of-cards
5091,46774900,thomaspark/flexboxfroggy
5092,53410008,wearefriday/spectre
5093,53486603,wearefriday/spectre_client
5094,59700207,beakerbrowser/beaker
5095,60427361,citybound/citybound
5096,61443963,libp2p/libp2p
5097,61973641,dmjio/miso
5098,69318508,lastmjs/zwitterion
5100,76342242,pshihn/rough
5101,78477480,fullstackreact/30-days-of-react
5102,81448050,oduwsdl/archivenow
5103,88011908,tuvtran/project-based-learning
5104,89890407,pseigo/collatz
5105,90356372,pirate/ArchiveBox
5106,98217892,ncase/trust
5107,101542371,freeboardgames/FreeBoardGames.org
5108,101609772,wiredjs/wired-elements
5109,102221418,msvisser/CollatzExplorer
5110,102987907,react-static/react-static
5111,111614342,nicolodavis/boardgame.io
5112,133128231,frol/completely-unscientific-benchmarks
5114,135886213,olivewind/awesome-deno
5117,188486382,clmay/school
5148,190254698,prevwong/craft.js
5149,191201679,tycrek/degoogle
5150,195462301,clmay/dotfiles
5183,200282545,xbarin02/collatz
5184,219060585,clmay/data-structures
5185,228071424,clmay/learning
5217,229764465,Asabeneh/30DaysOfJavaScript
5218,231153625,clmay/universal-nomic
5219,231155947,oct-nomic/oct-nomic
5228,231265522,clmay/wiki
5230,231266170,clmay/wiki
5240,231272544,clmay/clmay.github.io
5242,231274223,clmay/clmay-wiki
5243,231274223,clmay/wiki
5277,231450490,oct-nomic/oct-nomic-1
5333,231452949,clmay/universal-nomic
5336,231453423,clmay/universal-nomic
5338,231453423,clmay/ur-nomic
5340,231688657,clmay/wiki
5341,231689826,clmay/pyrite
5343,231860289,clmay/wiki
5434,234643405,clmay/dolos
5436,234643849,clmay/dolos
5442,235699310,clmay/dotfiles
5466,150061109,Martko/file-hasher
5468,99453127,NETESOLUTIONS/ERNIE
5471,194290958,NETESOLUTIONS/ernie_homepage
5476,144742506,senner007/Loremsition
5477,149026253,senner007/simple-form
5478,151767062,senner007/simple-form-carousel
5479,17339868,lysyi3m/macos-terminal-themes
5480,30003816,Powerlevel9k/powerlevel9k
5482,74071909,buritica/mgt
5483,80462373,keyvanakbary/learning-notes
5484,190410678,angelkurten/products
5494,197086008,LMS-Laravel/LMS-Laravel
5503,481366,nvie/gitflow
5504,569041,curl/curl
5505,1062897,github/gitignore
5506,7833168,elastic/kibana
5507,8201256,joewalnes/websocketd
5508,11008207,vitessio/vitess
5509,13624859,gorilla/websocket
5510,14179252,kelseyhightower/envconfig
5511,16563587,cockroachdb/cockroach
5513,22883982,vmware/govmomi
5514,27051771,golang/protobuf
5515,27483832,gogo/protobuf
5516,27729907,grpc/grpc-go
5517,46089560,containerd/containerd
5518,60978152,segmentio/terraform-docs
5519,62799996,fluxcd/flux
5520,74175805,istio/istio
5521,84209988,gruntwork-io/package-terraform-utilities
5522,87643299,jetbrains-infra/packer-builder-vsphere
5524,98453563,vmware-tanzu/sonobuoy
5525,120650407,operator-framework/operator-sdk
5526,125275487,kubernetes-sigs/kubebuilder
5527,132498774,vmware-tanzu/tgik
5528,133067498,kubernetes-sigs/kustomize
5529,149165150,pulumi/kubespy
5530,153312936,jkcfg/jk
5531,167304464,cortexlabs/cortex
5532,180687624,aquasecurity/trivy
5533,186470345,rancher/kine
5534,192779991,vmware-tanzu/octant
5535,196147920,kubeform/kubeform
5536,206213815,pingcap/chaos-mesh
5537,206998016,rotisserie/eris
5538,214016092,alexellis/go-execute
5539,217420145,vmware-tanzu/antrea
5540,218872560,denoland/rusty_v8
5541,231683521,ibuildthecloud/k3c
5542,233016299,google-research/flax
5543,115198687,opencast/opencast
5548,127277402,SussexLearningSystems/opencast
5549,221014819,jim22k/grblas
5572,1039520,ytdl-org/youtube-dl
5573,16602256,egh/zotxt-emacs
5581,21244714,chrismattmann/tika-python
5583,23465887,pdfminer/pdfminer.six
5585,56722299,mpv-android/mpv-android
5586,107270068,mnemosyne-proj/mnemosyne
5604,227188289,ianxm/emacs-tracker
5614,72280878,aker-gateway/Aker
5615,108293407,ssbanerjee/InventoryManager
5617,4248640,wiremod/wire
5618,10420155,Facepunch/garrysmod-issues
5619,53990600,shadowscion/Expression2-Releases
5635,233606918,shadowscion/sprops
5638,29099181,keybase/client
5703,2179920,woocommerce/woocommerce
5705,10227671,hallme/gravityforms-emailblacklist
5707,134763063,TimBHowe/woocommerce
5710,8624052,malinoff/multitran
5711,16901306,maugenst/tabletojson
5712,40677834,sindresorhus/speed-test
5713,45870793,tc39/proposal-pipeline-operator
5714,63995380,brandon93s/html-table-to-json
5715,104826554,jenkins-docs/simple-java-maven-app
5716,235952586,huyquocpham/spring-data-jpa-mysql
5719,236186897,huyquocpham/spring-mvc-hello-world
5724,236618059,huyquocpham/SpringMVCCRUDPagination
5729,236623203,huyquocpham/ProductManager
5732,236797424,huyquocpham/simple-java-maven-app
5734,237065906,huyquocpham/spring-boot-angular-template
5736,234243473,stefanzero/ImageInterpolation
5738,44208435,deveduzz/webhook-eduzz
5739,12649188,GianlucaGuarini/Tocca.js
5740,36322704,nogginfuel/Sarcasm
5750,69574842,matthewelsom/scss-playbook
5751,98392768,ediblecode/accessibility-resources
5752,101466596,Martz90/vivify
5753,101564526,break-stuff/clarion
5754,105036236,Shopify/draggable
5755,192977849,mike-engel/a11y-css-reset
5756,231121517,nogginfuel/ration
5768,13124802,influxdata/influxdb
5769,137362393,influxdata/flux
5771,172423194,jsteenb2/httpc
5772,197998526,hoanhan101/algo
5773,234775866,jsteenb2/candle
5774,5656402,jluttine/tikz-bayesnet
5775,15249309,madisonmay/CommonRegex
5776,24107001,open-mpi/ompi
5778,46806184,helm/charts
5779,57226763,HDI-Project/FeatureHub
5780,71305435,mitdbg/modeldb
5782,74660642,yuanming-hu/taichi
5783,88032978,STUnitas/metabase-py
5786,104067869,flrngel/TagSpace-tensorflow
5788,105675846,flrngel/understanding-ai
5789,110501082,tianheyu927/mil
5790,114898943,SeldonIO/seldon-core
5791,117575383,mpuig/spacy-lookup
5792,122998446,lifefeel/SpeechSynthesis
5793,132115652,zhirongw/lemniscate.pytorch
5794,157576773,santi-pdp/pase
5795,161732361,SeongokRyu/my-study-materials
5797,164573288,RandolphVI/Hierarchical-Multi-Label-Text-Classification
5798,166790842,xiaomi-automl/FALSR
5799,171081403,namhoonlee/snip-public
5800,176670367,rootkitchao/mnasnet_tensorflow
5801,177330156,AndreasMadsen/stable-nalu
5802,178144843,researchmm/SiamDW
5803,178776379,wonheeML/mtl-ssl
5804,181094530,44bits/feedback
5805,182280593,alwayswimmin/cs287-f
5806,185998708,digantamisra98/Mish
5807,186638689,auspicious3000/autovc
5808,187915069,animeshgoyal9/Multi-Armed-Bandit-for-cold-user-in-Recommendation-System
5809,188478593,yenchenlin/research-advice
5810,189493755,google-research-datasets/distribution-over-quantities
5811,190438550,Confusezius/Deep-Metric-Learning-Baselines
5812,190933120,JudyYe/CVP
5813,191529732,lydiahallie/javascript-questions
5814,191561918,tomohideshibata/BERT-related-papers
5815,193666058,epfml/attention-cnn
5816,194101679,xinyandai/structural-nn
5817,199509705,awslabs/autogluon
5818,199730019,tensortrade-org/tensortrade
5819,203465734,facebookresearch/SlowFast
5820,203664345,Helsinki-NLP/Opus-MT
5821,203713308,stuxnet999/MemLabs
5822,205190824,nlpaueb/SumQE
5823,205267377,tkipf/c-swm
5824,215749159,microsoft/Recursive-Cascaded-Networks
5825,216628419,lyft/flyte
5826,218011924,deepmind/xquad
5827,218382079,koursaros-ai/nboost
5828,219035799,huggingface/tokenizers
5829,220778874,BLAKE3-team/BLAKE3
5830,221165593,lyeoni/prenlp
5831,221919379,awslabs/aws-lambda-powertools
5832,222765890,allenai/hidden-networks
5833,223549216,monologg/DistilKoBERT
5834,223924114,peisuke/MomentumContrast.pytorch
5835,224284178,NVlabs/stylegan2
5837,225027908,toandaominh1997/EfficientDet.Pytorch
5838,225313926,riiid/ednet
5839,225317637,dddzg/MoCo
5840,225873074,signatrix/efficientdet
5841,228192593,hakluke/hakrawler
5842,229356867,locuslab/fast_adversarial
5843,229827299,ahmetb/kubectl-tree
5844,230126063,AakashKumarNain/AugMix_TF2
5845,230577188,jeongukjae/python-mecab
5847,231526357,sunggukcha/xor
5848,231545772,bckim92/sequential-knowledge-transformer
5849,232901618,lucidrains/reformer-pytorch
5852,234492706,clovaai/assembled-cnn
5853,234503952,taki0112/ControlGAN-Tensorflow
5854,235061629,jwzhanggy/Graph-Bert
5856,236289767,gaul/awesome-ld-preload
5857,236560315,danijar/dreamer
5858,62556408,cryptomator/cryptofs
5860,187775921,syncfusion/essential-ui-kit-for-xamarin.forms
5861,873328,getsentry/sentry
5862,8344254,fclp/fluent-command-line-parser
5863,10662498,ceee/PocketSharp
5864,16599849,exceptionless/Exceptionless
5865,20559239,OctopusDeploy/Octodiff
5866,46247545,tomakita/Colorful.Console
5867,52735900,goblinfactory/konsole
5868,59239347,portainer/portainer
5869,76070813,neosmart/SecureStore
5870,79130594,tonerdo/readline
5871,108867973,ai-traders/liget
5872,112103032,loic-sharma/BaGet
5873,113807330,migueldeicaza/gui.cs
5874,133374092,getsentry/sentry-dotnet
5875,233205869,mayuki/Cocona
5911,35726310,dart-lang/sdk
5914,88650014,flutter/plugins
5915,140281770,crazecoder/open_file
5916,141679922,Baseflow/flutter-permission-handler
5917,155150849,hui-z/image_gallery_saver
5918,158705630,v3rm0n/intercom_flutter
5929,178906744,amplitude/Amplitude-Flutter
5932,210606858,flutter-moum/flutter_screenshot_callback
5933,226808806,ShekarMudaliyar/social_share
5935,227173444,material-foundation/google-fonts-flutter
5936,228582220,Zazo032/flutter_screenshot_callback
5939,230234407,KawaiiTech/timy-messenger
5940,230656429,Milad-Akarie/smooth_page_indicator
5941,185924208,kentcdodds/bookshelf
5943,71641980,th-koeln/mi-2017
5944,101955881,Leagify/quicktest
5945,135934061,th-koeln/mi-website-2018
5952,148322551,th-koeln/mi-bachelor-screendesign
5966,194681155,lucascranach/cranach-grafiken-gatsby
5985,204898451,cnoss/christoph
5986,216039157,lucascranach/cda-orga
5987,230090487,lucascranach/importer
5993,17617256,mattyx14/otxserver
6025,17845967,DevelopersPL/otshosting-provisioning
6027,33211569,mattyx14/dkkserv
6182,187316815,opentibiabr/otservbr-global
6193,207935758,SaiyansKing/optimized_forgottenserver
6195,220477459,mattyx14/OTServBR-Global
6196,233825190,opentibiabr/otservbr-global-1.0
6197,236496636,mattyx14/otservbr-global
6198,230622445,holuyaa/.env
6203,2541284,cheeriojs/cheerio
6204,154850411,jabarihunt/manevia
6209,232020529,jabarihunt/country-codes
6228,55694676,johanymerson/7096
6231,42053493,inAudible-NG/tables
6232,42400230,inAudible-NG/audible-activator
6233,43723161,helm/helm
6234,47907764,KrumpetPirate/AAXtoMP3
6235,103029422,mdibaiee/awesome-lite-websites
6238,231135514,victorqribeiro/isocity
6239,234884704,Azazi/epl-stats
6264,8556864,Ultimaker/CuraEngine
6266,19382828,kazupon/vue-i18n
6267,28820678,chrishamm/DuetWebControl
6270,31332794,xorbit/LiFePO4wered-Pi
6271,74757129,prsyahmi/GpuRamDrive
6273,123601878,kazupon/vue-cli-plugin-i18n
6274,166724493,pixari/vue-i18n-extract
6275,178566601,kazupon/vue-i18n-extract
6280,234829466,centerorbit/DuetWebControl
6302,237290664,centerorbit/CuraEngine
6306,237362656,centerorbit/vue-i18n-extract
6308,54376220,AtsushiSakai/PythonRobotics
6309,1064563,netty/netty
6310,13163423,360Controller/360Controller
6311,63456388,HollyAdele/awesome-programming-for-kids
6313,199126692,davidfowl/BedrockFramework
6314,146151345,enigma-dev/RadialGM-deps
6324,45717250,tensorflow/tensorflow
6325,65346123,whummer/moto
6634,96112359,localstack/localstack-python-client
6637,96157140,localstack/localstack.github.io
6638,118838444,localstack/moto
6639,139677376,localstack/localstack-pro-samples
6643,146641150,tektoncd/pipeline
6644,172154839,localstack/serverless-localstack
6684,14681876,codelucas/newspaper
6688,58842707,trailofbits/algo
6689,60374819,jupyterlab/jupyterlab
6691,61813823,PyThaiNLP/pythainlp
6693,73964895,botpress/botpress
6694,132960467,google-research-datasets/conceptual-captions
6695,142447888,EscVM/OIDv4_ToolKit
6696,153490452,sgrvinod/a-PyTorch-Tutorial-to-Object-Detection
6697,158043222,allenai/vampire
6698,170944401,mmaybeno/newspaper
6699,186150409,dmmiller612/bert-extractive-summarizer
6700,217201160,mmaybeno/transformers
6702,228700143,emeryberger/scalene
6703,235634278,sehno/Bug-bounty
6704,215813401,ArenasDev/Testings
6709,166299071,stancl/tenancy
6710,172905560,omarusman/talk
6711,188657981,boessu/SwissQRBill
6713,3348788,sendgrid/sendgrid-php
6714,45045257,ru-de/faq
6715,218139435,casprsoftware/Extensions.Email
6716,218375783,casprsoftware/Extensions.Email.SendGrid
6717,218380868,casprsoftware/Extensions
6718,218842432,casprsoftware/Extensions.Email.Razor
6719,224522934,casprsoftware/Extensions.Email.Queue
6720,234398311,casprsoftware/Extensions.Import
6722,200237177,svub/nimiq-popup-shop
6724,225244943,nimiq/app-template
6727,225726151,nimiq/gift-cards
6753,236279077,svub/photo-bomb
6755,55626935,microsoft/WSL
6756,194932343,ralfting/dotfiles
6759,232798822,ralph-learning/nestjs-tests
6766,1660127,neutrinolabs/xrdp
6767,233732230,felipe-dap/arduino_paralelo
6769,20340842,penibelst/jekyll-compress-html
6770,31377223,davidmerfield/Typeset
6793,33943153,cssnano/cssnano
6794,40961580,mobinni/grunt-typeset
6799,181480777,danielhaim1/colorimetry
6816,181480777,danielhaim1/Colorimetry
6921,16386099,expressjs/multer
6922,58007657,avuletica/eLearning
6923,88029459,zakirullin/tiny-compiler
6924,111277299,eendroroy/alacritty-theme
6926,167442791,vkaracic/edifyr.io
6927,230800939,AdnanHodzic/auto-cpufreq
6928,235171026,tsoding/mmap
6929,235977146,zcuric/eslint-plugin-require-sort
6930,236007024,vkaracic/alacritty-theme
6934,152124966,stefan-niedermann/nextcloud-deck
6935,148249386,AsteriskAmpersand/MHW-Save-Editor
6936,195453967,ngld/OverlayPlugin
6937,3316803,PyCQA/pydocstyle
6938,169116405,tensorflow/tfx
6939,6731432,koalaman/shellcheck
6940,104130720,bats-core/bats-core
6941,236755402,ismoli/minterpush
6943,32623292,basarat/typescript-book
6944,51452356,infinitered/ignite
6945,135786093,typescript-cheatsheets/react-typescript-cheatsheet
6946,229865625,ymekuria/wiggle
6970,233891351,RifRaf44/portfolio
6972,233895546,RifRaf44/portfolio
6980,233448608,szakhar/BootsTemplate
6984,234655417,szakhar/jackfrunze.github.io
6986,234656709,szakhar/szakhar.github.io
6988,234658464,szakhar/szakhar.github.io
6991,234658969,szakhar/jackfrunze.github.io
6993,17951521,eugenkiss/7guis
6994,20239198,google/mtail
6995,7962111,pouchdb/pouchdb-server
6996,26682105,darkreader/darkreader
6997,99265182,Code4Guatemala/Plantilla3
6998,173377051,amsaid/bandwidth-hero-proxy
7007,231376978,amsaid/Plantilla3
7008,588360,matthiask/pdfdocument
7009,724712,rust-lang/rust
7010,924551,rabbitmq/rabbitmq-server
7011,2179572,Kozea/WeasyPrint
7012,4802028,jiffyclub/snakeviz
7013,5485086,ciembor/4bit
7014,9294264,areski/python-nvd3
7015,10606484,aardappel/lobster
7017,16957443,blackbeam/rust-mysql-simple
7018,17691231,servo/html5ever
7019,20007705,invl/retry
7020,20060596,ogham/exa
7021,20513654,alexcrichton/curl-rust
7022,22628837,sfackler/r2d2
7023,26009258,madebits/linux-pcmanfm-actions
7024,26500120,buster/rrun
7025,26988319,mattnenterprise/rust-ftp
7026,28555038,BurntSushi/suffix
7027,33443524,kuchiki-rs/kuchiki
7028,34648331,KISS-UI/kiss-ui
7029,35341769,gyscos/cursive
7030,36431733,phsym/prettytable-rs
7031,36483709,sorccu/r2d2-redis
7032,48673863,jminer/clear-coat
7033,49401416,spacejam/sled
7034,50216100,PistonDevelopers/dyon
7035,54168759,SergioBenitez/Rocket
7036,54633811,ring-lang/ring
7037,58331969,euantorano/dotenv.nim
7038,60523507,nim-lang/ui
7039,61160698,mit-pdos/noria
7040,61412022,ianstormtaylor/slate
7041,62095504,sdispater/pendulum
7042,62350380,seanmonstar/reqwest
7043,64882349,cuemacro/chartpy
7044,69458400,mosquito/aio-pika
7045,70986930,TheNeikos/rustbreak
7046,72066935,cs01/gdbgui
7048,80648455,PumpkinDB/PumpkinDB
7049,80998864,Hammer2900/Settings
7053,83678416,xo/usql
7054,84045805,jendrikseipp/vulture
7055,84393574,PyO3/setuptools-rust
7056,88464704,PanJiaChen/vue-element-admin
7057,95412229,PanJiaChen/vue-admin-template
7058,96447716,brocode/fblog
7060,103294928,kpcyrd/sniffglue
7061,103842722,xmichelo/Beeftext
7062,105379569,actix/actix-web
7063,109556903,Ralvke/logram
7064,111210856,aiogram/aiogram
7065,114145293,ivanceras/rustorm
7066,114466145,yewstack/yew
7067,117597728,indradb/indradb
7068,117740918,maps4print/azul
7069,122221208,kureuil/batch-rs
7070,125623769,yaa110/rake-rs
7071,129531554,shhaumb/syncit
7072,130464961,sharkdp/bat
7073,131135585,svenstaro/miniserve
7074,132361668,cswinter/LocustDB
7075,136914524,flairNLP/flair
7076,140609832,seanmonstar/warp
7077,141003166,Hammer2900/init_config_ubuntu
7083,142890794,canonical/go-dqlite
7084,143846881,okteto/okteto
7085,151871286,pipxproject/pipx
7086,151899873,pop-os/url-crawler
7087,156294298,sharkdp/hexyl
7088,158359637,nimterop/nimterop
7089,160089646,synesthesiam/rhasspy
7090,164567801,seladb/pickledb-rs
7091,164605649,darrenburns/ward
7092,172714919,valeriansaliou/sonic
7094,186912370,whitfin/limber
7095,190817206,nwg-piotr/azote
7096,192433621,vlang/ui
7097,194866235,enindu/dotfiles
7098,199937516,ja-brouil/TBS_GoDot
7099,206138137,alphacep/vosk-api
7100,206153316,Treborium/rust-wmctrl
7101,211533823,itsumura-h/nim-allographer
7102,211646730,octabytes/FireO
7104,213164335,ducdetronquito/phoon
7105,224579790,securas/SealedBite
7106,231765886,Hammer2900/FireO
7107,231847616,nwg-piotr/sgtk-menu
7108,232664662,rusty-celery/rusty-celery
7109,235320869,projectdiscovery/naabu
7110,236315318,sleirsgoevy/ngrok-free
7112,87701849,devnoname120/vhbb
7113,13373318,nunit/nunit-vs-adapter
7116,102397803,iaasen/stdlib
7118,130499975,thashim/thashim.github.io
7120,170906629,microsoft/SDNet
7121,229236816,damiens-robert/mathematical_demonstrations
7124,233037670,damiens-robert/web3.network.device
7132,233091294,damiens-robert/web3.privacy.storage
7134,233254208,damiens-robert/docker-solid-server
7137,233268179,damiens-robert/ondoreact
7142,233858451,damiens-robert/jukebox
7145,137724480,hasura/graphql-engine
7146,215495036,hasura/json2graphql
7147,233311052,bradjabel/json2graphql
7148,235439970,bradjabel/test-git-commits
7152,6829344,javipalanca/spade
7154,109423733,javipalanca/taxi_simulator
7195,219822425,javipalanca/simfleet
7196,27457529,intel/fiovisualizer
7200,234201238,fxober/fiovisualizer
7201,158493775,zendeskgarden/react-containers
7202,168823881,kml1990/react-calculator
7203,221981891,microsoft/playwright
7204,236612890,Assortment/asrt-calculator-svelte
7206,225595414,SwitchAndLever/theMIDInator
7208,51288857,awesome-lists/awesome-bash
7209,234339232,next-security-lab/tools-generation-detection-synthetic-content
7210,10728912,corcel/corcel
7212,36251225,QuantiModo/quantimodo-sdk-javascript
7217,36956084,QuantiModo/QuantiModo-WordPress-Plugin
7219,41497171,QuantiModo/quantimodo-android-chrome-ios-web-app
7273,71839790,QuantiModo/docs
7275,94663502,mikepsinn/quantimodo-images
7277,163543186,mikepsinn/qm-redirector
7279,167459852,github/personal-website
7280,219323767,mikepsinn/laravel-model-generator
7287,234641752,mikepsinn/corcel
7292,237380776,mikepsinn/mikepsinn.github.io
7293,17369361,jbogard/MediatR
7294,136075760,Azure/kubernetes-keyvault-flexvol
7295,227512942,chaosmonkey/Blog-n
7302,2701888,mawww/kakoune
7304,226172215,Hedu/pet-clinic
7336,236244821,Hedu/Stocks-API
7340,458058,symfony/symfony
7341,24883470,commerceguys/tax
7342,43177821,cibernox/ember-power-select
7343,50213667,text-mask/text-mask
7344,51159581,pjcarly/ember-field-components
7346,51268640,pjcarly/drupal8-spectrum
7352,58151989,pjcarly/ember-mist-components
7356,77466355,pjcarly/drupal8-autonumber
7357,235335357,hic2h/mind-trans
7360,233585870,IvanaL/mercadolibre-frontend-test
7361,51618676,thread-pond/scrum-lint
7365,28785534,drautb/sketchbook
7371,147355826,drautb/swf-retry-test
7373,66483240,dennybritz/reinforcement-learning
7374,118413638,cw1204772/AIC2018_iamai
7375,125523214,lukaszbinden/jmcs-advanced-topics-in-machine-learning
7376,130551159,AlexXiao95/Multi-Camera-Vehicle-Tracking-and-Reidentification
7377,138687246,AlexXiao95/2018AICity_TeamUW
7378,146090298,lancopku/SU4MLC
7380,185819852,frankkramer-lab/MIScnn
7381,189451589,NVIDIAAICITYCHALLENGE/2019AICITY_Code_From_Top_Teams
7382,189494120,ipl-uw/2019-CVPR-AIC-Track-3-UWIPL
7383,189602911,didi/mtmc-vt
7384,209895143,faustomorales/keras-ocr
7385,211649666,lancopku/AdaMod
7386,218396689,facebookresearch/cc_net
7388,75203277,pimterry/notes
7389,224776407,alfianwahid/joi-ext-phonenumber
7397,225524771,alfianwahid/joi-age
7398,36322376,awslabs/amazon-kinesis-producer
7399,94709715,ghaagsma/jerry-pop
7412,131330821,bbenz/spring-music-azure
7425,224333611,bbenz/TailwindTraders-Website
7441,231434836,ibonny/javalin_test
7442,231443501,ibonny/kotlin_webapp_test
7444,231610797,ibonny/spring_demo_project
7449,233878823,ibonny/micronaut_trial
7450,151666138,steve-downey/papers
7459,173389001,tvaneerd/today
7460,224495859,unicode-org/message-format-wg
7461,91485209,davypough/Wouldwork
7463,36749153,microsoft/react-native-code-push
7465,90575739,JoMingyu/Flask-Large-Application-Example
7466,160919119,tiangolo/fastapi
7467,165536154,typescript-eslint/typescript-eslint
7468,138583715,filipw/Strathweb.AspNetCore.AzureBlobFileProvider
7472,231973267,kdubau/Strathweb.AspNetCore.AzureBlobFileProvider
7473,234145302,zakaria1159/SocialFootballApp
7475,236555961,zakaria1159/flutter
7480,63226588,marmelab/react-admin
7481,233946084,p886/5-million
7482,1335132,ninja-build/ninja
7483,234276130,marksiy16/contactform
7487,235073046,marksiy16/office365api
7489,235076405,marksiy16/1001office365api
7492,235080712,marksiy16/msiyoffice365api
7494,235089715,marksiy16/msiyoffice365api
7497,61785763,TimonKK/clickhouse
7498,86357433,pgroot/express-swagger-generator
7500,231105478,renamed/phone-calls-dashboard
7501,233423669,renamed/shawandpartners-assignment
7502,233931451,renamed/R3M_UserMicroservice
7512,235572419,murilomiranda/investigate_customer_buying_patterns
7514,235579712,murilomiranda/predicting_profitability
7519,237204370,murilomiranda/iMarket
7522,5741131,miguelbalboa/rfid
7523,14151539,influxdata/influxdb-python
7524,44163097,plexinc/plex-media-player
7525,138480202,quarckster/kodi.kino.pub
7529,138810334,Photonsters/anycubic-photon-docs
7532,184909163,koekeishiya/yabai
7533,234709142,hellvesper/kodi.kino.pub
7541,60493101,jwasham/coding-interview-university
7542,129186263,FRCTeam3206/Example-Code
7546,165410700,FRCTeam3206/2019Subsystems-Java
7547,231460581,FRCTeam3206/2020-Winter-Season
7554,187299805,vaishak2future/posefromkeypoints
7555,230732176,Tony607/jetson_nano_trt_tf_ssd
7556,20710822,catstiger/xmodeler
7558,208995501,catstiger/catstiger-examples
7559,64820927,xuri/toml-to-go
7560,66841911,360EntSecGroup-Skylar/excelize
7604,70373526,xuri/aurora
7605,168336518,xuri/excelize-doc
7629,55683185,outeredge/magento-layout-module
7632,35951404,NativeScript/nativescript-angular
7633,66944590,kulshekhar/ts-jest
7634,105440153,nestjs/swagger
7635,231806480,firecow/gitlab-local-pipeline
7636,21314224,Templarian/MaterialDesign
7637,52729242,keepassxreboot/keepassxc
8246,56722136,Dushistov/qt_monkey
8247,73552032,keepassxreboot/keepassxreboot.github.io
8248,82374259,hifi/keepassxc
8256,86161192,droidmonkey/keepassxc
8257,88481123,varjolintu/keepassxc
8263,115543662,keepassxreboot/keepassxc-browser
8270,128206785,JulianVolodia/keepassxc
8272,159953694,c4rlo/keepassxc
8273,163450256,Aetf/keepassxc
8274,191234138,ba32107/keepassxc
8275,208564916,wolframroesler/keepassxc
8282,231991152,Polynomial-C/keepassxc
8283,234809087,lindhe/keepassxc
8284,133841088,astronomer/airflow-guides
8285,17001672,Alir3z4/html2text
8286,233600984,shengxc/html2text
8287,23083156,mui-org/material-ui
8288,26337322,rancher/rancher
8289,48217670,awslabs/route53-dynamic-dns-with-lambda
8290,79723839,teambit/bit
8291,19581797,AllenDowney/ThinkStats2
8292,5409008,EasyEngine/easyengine
8293,18903728,bordoni/fakerpress
8295,91218588,fsouza/fake-gcs-server
8296,98932536,postlight/headless-wp-starter
8297,105967469,kubernetes/ingress-gce
8299,148545807,kubernetes-sigs/kind
8300,162842516,lubusIN/wp-storybook
8301,167596393,derailed/k9s
8302,189641662,Shelob9/isoblock
8303,210347143,supabase/realtime
8305,57082920,JayHoltslander/ultimate-metatags
8306,145763277,harismuneer/Ultimate-Facebook-Scraper
8307,189755602,orbitrc/blusher
8310,182250069,tech-is/student-wiki
8313,234051481,takezi/sandbox
8315,28824504,Ator9/Docs
8319,169404276,Ator9/laravel-adminux
8379,235726316,danielgunn/ccc
8388,60737562,osu-crypto/libPSI
8402,73007955,osu-crypto/libOTe
8409,74173998,ladnir/cryptoTools
8414,127166742,ladnir/aby3
8426,164017512,ladnir/endemicOT
8428,236592144,joshpj/docs-test
8434,70104825,dotnet-architecture/eShopOnContainers
8435,84429529,linfx/LinFx
8438,217942468,linfx/module-shop
8441,232113489,linfx/shopfx-v2
8447,17344355,kallaspriit/android-bluetooth-webview-ui
8448,85780482,jsaund/RxUploader
8449,141692700,ziecho/ZYNetworkAccessibity
8450,106945416,saketkc/pyseqlogo
8451,220277330,rochoa85/MHC_class_II_matrices
8454,224726745,rochoa85/Modelling-Protease-Substrates
8456,224084702,chensheng12330/ios_framework
8465,507775,elastic/elasticsearch
8467,42288502,bloche/.dotfiles
8468,22893086,HXLStandard/libhxl-python
8469,30535158,HXLStandard/hxl-proxy
8472,152311691,tinok/kobo_api
8473,199034634,OCHA-DAP/aidr-data-extract
8474,206180238,OCHA-DAP/ggeocode
8480,118320671,Sunao-Yoshii/StudyDocs
8481,211423930,Sunao-Yoshii/WelcomePythonExamples
8482,23013268,Moya/Moya
8483,217995250,CivelXu/Use-Moya-ObjectMapper
8484,183197976,icechao/KlineChart
8485,24812854,alsotang/node-lessons
8486,60134879,wuzinong/Some-remarks-and-notes
8487,69623683,wuzinong/JsLearning
8491,89053626,hujiulong/vue-3d-model
8492,101276373,veracity/veracity-documentation
8493,120432913,wuzinong/MyProjects
8494,132395133,forthealllight/blog
8495,58982661,mageplaza/magento-2-social-login
8496,20789757,ManageIQ/manageiq
8500,61980658,azerothcore/azerothcore-wotlk
8505,65490474,azerothcore/skeleton-module
8506,134298657,azerothcore/mod-individual-xp
8507,172395083,azerothcore/forum
8515,220870519,athenaswow/BugTracker-Athenas-WoW
8552,226399399,pangolp/mod-individual-xp
8554,227128660,gpn39f/ArkCORE-434
8561,227597012,pangolp/ArkCORE-434
8562,227951650,FunCore/FunCore-V4.3.4
8565,231306818,pangolp/LuaScripts
8606,233450529,pangolp/t-servidor.com
8610,233451992,pangolp/t-servidor.github.io
8614,233973204,pangolp/bugtracker-patagoniawow
8616,234839764,pangolp/cataclysm434
8646,235429748,pangolp/DBCeditados
8652,236363825,pangolp/consultasGM
8661,38416811,huiyan-fe/mapv
8666,41071243,hinikai/code
8667,86383171,mapbox/mapbox-unity-sdk
8668,94515383,huiyan-fe/react-bmap
8669,107239591,SuperMap/SuperMap-iEarth
8670,224768705,TAMU-VITA/FasterSeg
8671,104192646,developmex/djangozoom
8672,148216079,cmuparlay/PAM
8673,218116047,syhlalala/paralgocode
8682,2108481,spring-projects/spring-security-oauth
8683,91957658,wslutilities/wslu
8684,131112310,Tiscs/spring-cloud-practices
8689,228791117,touge/laravel-jwt-auth
8697,228824168,touge/laravel-admin-examination
8701,230031521,touge/laravel-dict
8703,60259108,UKHomeOffice/posters
8705,61273980,Medicean/VulApps
8707,147208589,p1r06u3/opencanary_web
8708,209427089,salesforce/base-components-recipes
8709,161291609,Villarrealized/sonos-web
8710,117939511,MasonLiuChn/MasonMavenRepository
8714,174955368,v7lin/simple_pub_server
8715,194421449,MMMzq/bot_toast
8716,228151015,MasonLiuChn/DartServer
8717,234674236,MasonLiuChn/ThinkFlutter
8720,201582900,jdkandersson/OpenAlchemy
8723,39430681,xia2/xia2
8753,39507997,dials/dials
8770,39508026,cctbx/cctbx_project
8776,85876095,DiamondLightSource/ispyb-api
8781,178240740,cctbx/dxtbx
8784,233851716,rjgildea/ispyb-api
8809,151299234,mila-iqia/babyai
8810,204376850,blackfeather-wang/ISDA-for-Deep-Networks
8811,205434302,facebookresearch/SpanBERT
8812,36457857,filoe/cscore
8813,78179171,yartat/MP-MediaInfo
8815,211165922,dapr/components-contrib
8816,100919540,junkawahara/reliability_tdzdd
8817,158256479,apache/incubator-iceberg
8818,4145036,zcbenz/BPlusTree
8819,25266669,indeedeng/lsmtree
8820,68291988,miloyip/json-tutorial
8821,102343794,apache/incubator-brpc
8822,120606279,baidu/braft
8823,130670507,TrickyGo/Dive-into-DL-TensorFlow2.0
8824,152166877,d2l-ai/d2l-en
8825,169644479,dglai/DGL-GTC2019
8826,171795571,ShusenTang/Dive-into-DL-PyTorch
8827,220810918,idealvin/co
8828,175103678,Rdbaker/weasl-ui
8829,234084356,Rdbaker/metrecord-python-sdk
8832,236585807,Rdbaker/singularity-energy-python-sdk
8839,55561533,jayesbe/react-native-cacheable-image
8840,75491322,kfiroo/react-native-cached-image
8842,80166855,wix/react-native-interactable
8843,228072081,asnunes/mio-editor
8844,232391352,JonathanVeg/react-native-cached-image
8845,232392066,JonathanVeg/react-native-cached-image
8849,232394896,responde-ai/react-native-cached-image
8851,56019463,harvardnlp/sent-summary
8852,162940724,thunlp/GNNPapers
8853,194046670,thunlp/LegalPapers
8854,73740273,MicrosoftDocs/visualstudio-docs
8855,77990768,Azure/azure-functions-core-tools
8858,25095239,aFarkas/lazysizes
8859,3811518,cocur/slugify
8860,204415719,GoogleCloudPlatform/solutions-gke-init-daemonsets-tutorial
8861,207584723,GoogleCloudPlatform/healthcare-api-dicomweb-cli
8862,208206437,GoogleCloudPlatform/gcf-notification-forwarding
8863,223511189,GoogleCloudPlatform/wombat-dressing-room
8864,231433569,GoogleCloudPlatform/functions-framework-python
8865,232325689,GoogleCloudPlatform/python-token-broker
8866,233553353,GoogleCloudPlatform/gke-deployment-testing-strategies
8867,7239492,unasm/unasm.github.com
8870,200036587,liuhuanyong/MiningZhiDaoQACorpus
8871,200485020,jfcherng/Sublime-OpenUri
8875,34814001,trailofbits/publications
8876,146515502,vmangos/core
8877,233939843,GregTech6/gregtech6
8878,234946567,halo8880/postback
8882,235042558,halo8880/offerfe
8884,236287867,halo8880/affnetbe
8886,236292273,halo8880/affnetfe
8889,211381955,leeoniya/uPlot
8891,28609126,support-project/knowledge
8892,232355865,lavecoral/magnitude
8898,1545071,cmf/psiviewer
8902,1614410,FFmpeg/FFmpeg
8903,33823684,Camelcade/Perl5-IDEA
8910,87003569,JetBrains/gradle-grammar-kit-plugin
8914,139306584,dgkanatsios/CKAD-exercises
8915,161730103,lucassha/CKAD-resources
8916,230373845,hellosatish/documents
8918,200182923,haganWu/WebPhoto
8919,10634962,squaremo/amqp.node
8920,136929390,linways/table-to-excel
8921,179417153,Ricbet/panel-magic
8925,221379883,nsc-open/nsc-api
8929,234226467,nsc-open/data-process-pipe
8930,234227551,nsc-open/nsc-data-pipes
8931,194277240,subicura/workshop-k8s-basic
8934,23357588,protocolbuffers/protobuf
8935,26181278,googleapis/google-cloud-java
8936,27729880,grpc/grpc
8941,27729926,grpc/grpc-java
9053,31378968,ejona86/grpc-java
9086,33881870,google/protobuf-gradle-plugin
9089,46691243,grimdoomer/PiPROM
9090,78234185,grpc/proposal
9092,185576294,perfmark/perfmark
9094,202477881,ejona86/taus
9112,203461766,googleapis/java-core
9113,230951400,ejona86/perfmark
9114,233219040,TGGC/taus
9118,98689193,salesforce/lwc
9119,233783142,Akhilesh05/todo
9130,236460758,Akhilesh05/todo-angular
9132,236460758,giriss/todo-angular
9134,236646083,giriss/todo-svelte
9137,236646877,giriss/todo-react
9140,236647253,giriss/todo-vue
9142,196330235,openinfradev/tacoplay
9145,225823049,quras-official/quras-vm
9146,4463453,json5/json5
9147,8277372,spulec/moto
9148,107202,groonga/groonga
9150,9120526,jackc/pgx
9151,9342529,crate/crate
9152,22445676,herenow/go-crate
9153,41209174,strapdata/elassandra
9157,66619304,xtaci/smux
9158,103894697,actix/actix
9159,181738376,google/zetasql
9160,191880399,yugabyte/terraform-gcp-yugabyte
9161,228341935,nats-io/jetstream
9162,233671952,koubenecn/testrepo
9165,233674440,koubenecn/testrepo2
9176,14559187,kevin-smets/android-chromium
9177,27396698,dart-lang/usage
9178,32312497,mthli/Ninja
9179,43891567,mogoweb/365browser
9180,47830059,lingochamp/MagicProgressWidget
9181,49992866,dart-lang/stream_channel
9182,63174247,brave/browser-android-tabs
9183,64172164,flutter/flutter-intellij
9184,92036624,kuoruan/Chromium-Android
9185,95035415,angular-examples/toh-0
9186,95167306,azeemba/lpaid
9187,105263301,Leondev7/flutter_fab_dialer
9188,110178895,brave/brave-browser
9189,113457585,russell-shizhen/JniExample
9190,114060601,siralam/CameraViewPlus
9191,120360765,chromium/chromium
9192,126892425,intel/webml-polyfill
9193,127802799,Sorbh/kdgaugeView
9194,134083962,derTuca/flutter_google_places_picker
9195,138859191,hnvn/flutter_image_cropper
9196,144678654,Realank/flutter_section_table_view
9197,147022327,figengungor/page_view_indicators
9198,154664106,AppsFlyerSDK/flutter_appsflyer_sdk
9199,162920248,mashnoon33/circular_check_box
9200,163499364,ch-muhammad-adil/flutter-plugin-circular_profile_avatar
9201,164320265,mrdishant/Paytm-Flutter-Plugin
9202,165137868,JTorrus/GradientBottomNavigationBar
9203,168447823,iqbalmineraltown/flutter_sms_receiver
9204,171133800,shaqian/flutter_realtime_detection
9205,175691059,geordyvcErasmus/flutter_sms
9206,175922535,akshathjain/grouped_buttons
9207,177329005,Cretezy/linkify
9208,177814910,cetorres/dropdown_formfield
9209,177952465,kushalmahapatro/cuberto_bottom_bar
9210,182830573,Skyost/rate_my_app
9211,184763127,Dzhuneyt/android-app-eye-rest-blue-light-filter
9212,188003844,LeonidVeremchuk/flutter_plaid
9214,191095284,plaid/plaid-link-examples
9215,192149286,wchen342/ungoogled-chromium-android
9216,197859447,niinyarko/flutter-international-phone-input
9217,201029905,plaid/plaid-link-android
9218,202912371,ketanchoyal/custom_radio_grouped_button
9219,203793468,nnior/bottom_personalized_dot_bar
9220,211664407,anirudhsharma392/Slider-Button
9221,214466718,LuisThein/flutter_platform_maps
9222,216081823,haadinorouzi/tic-tac-toe
9223,221119070,madewithfelt/flutter_layout_grid
9224,225991060,zenobase/zenobase-durations
9225,230894123,Arbaz-Softagics/commons
9226,233471512,rgodlontonshaw/apicallsboss
9227,109496552,blakewford/portauthority
9238,134518530,blakewford/ID-15-Shadow-Runner
9240,223840420,blakewford/ORB_SLAM2
9242,236747853,blakewford/CodeGenBuilder
9249,72875399,devopsfaith/krakend
9250,8162715,mirumee/saleor
9251,25714372,BlackrockDigital/startbootstrap-blog-post
9252,228134589,kumaraswins/nodejs
9253,230567312,kumaraswins/kumaraswins.github.io
9254,232092187,kumaraswins/django
9259,232144569,kumaraswins/django
9263,232583297,kumaraswins/django
9267,233188806,kumaraswins/blog
9268,131507001,unelg/CutLang
9274,105476227,fileformat/heatmaptv
9275,19851667,alpinelinux/aports
9276,27911088,apache/nifi
9277,59237890,wietze/d3-prototypes
9278,59239448,wietze/wietze.github.io
9282,112409981,mitre/caldera
9283,154650660,wietze/caldera
9287,233473732,wietze/powershell-securestring-decoder
9290,233935194,redcanaryco/chain-reactor
9292,235291052,0xthirteen/SharpRDP
9293,235629937,specterops/at-ps
9294,6443435,nats-io/nats-server
9295,21141781,muesli/beehive
9297,41912791,v2ray/v2ray-core
9298,65609526,jianyuan/terraform-provider-sentry
9299,85031442,poteto/hiring-without-whiteboards
9300,119419195,GoogleContainerTools/kaniko
9301,132732601,ubuntu/microk8s
9302,152613820,hashicorp/terraform-github-actions
9303,169677297,vlang/v
9304,199488860,actions/starter-workflows
9305,202291859,chatwoot/chatwoot
9306,232134164,manabie-com/tech_blog_posts
9307,233580412,nurdism/neko
9308,234748066,rbmrclo/nginx-return-mock
9311,86402360,jwodder/qypi
9312,157536102,Peerbits/Android-NFC
9313,214886341,inbalboa/wunderbar
9314,154950925,streamich/react-use
9315,99796974,anderssv/smartthings-verisure
9317,104637256,tcastberg/Home-Assistant-Config
9320,232751674,tcastberg/smartthings-verisure
9321,43613404,kubernetes-sigs/kubespray
9323,32754312,maxogden/menubar
9324,43279131,connors/photon
9325,45268862,arviedelgado/roro
9326,101279321,944095635/DMSkin
9327,120768790,OakwoodAI/Automagica
9328,130175841,ghaoo/rboot
9329,160207238,nickliqian/interactive_captcha
9330,163747618,nickliqian/darknet_captcha
9331,184900421,beckzhu/SimpleRemote
9332,213168366,NGC-HenryLee/NGC.SS.JJ
9333,220636493,pandolia/easy-service
9334,106826460,chan056/feel-tennis
9335,108335100,MicrosoftDocs/dynamics-365-unified-operations-public
9336,23127684,stedy/Machine-Learning-with-R-datasets
9337,86112017,petermunro/react-component-exercises
9338,115638375,JimDuggan/MATLAB
9348,200754619,rstudio-conf-2020/time-series-forecasting
9349,167012111,fedor-chemashkin/harbor-client-light
9350,137050300,abbealBZZZ/Ressources
9351,7023606,piranha/keymage
9352,14311006,bgrins/videoconverter.js
9353,21629368,xavierfoucrier/instacam
9354,46120449,bbc/VideoContext
9356,95839159,Chimeejs/chimee
9357,143324608,djyde/serlina
9358,164459795,remaxjs/remax
9359,164556523,sonysuqin/WasmVideoPlayer
9360,164632797,egoist/styled-vue
9361,199653846,Jeff-Bee/onLinePS
9362,201944800,ThreadsStyling/video-renderer
9363,204791186,terkelg/exifer
9364,15653276,Trinea/android-open-project
9365,29977860,atinfo/awesome-test-automation
9366,35448780,google/google-java-format
9367,64558143,Blankj/AndroidUtilCode
9368,71133469,reviewdog/reviewdog
9369,95189138,alibaba/p3c
9370,100813255,ryanmcdermott/code-review-tips
9371,119754321,joho/awesome-code-review
9372,124395887,gpeegpee/integration_test_repository
9407,174027707,stackshareio/awesome-stacks
9408,188267841,gpeegpee/learn-devops
9409,189873662,tabius/tabius
9500,82407189,JosefKrieglstein/AxpertControl
9501,163866886,mindworks-software/energia
9503,185399053,ByronTudhope/homebridge-ewelink-max
9507,19463625,jwilder/nginx-proxy
9508,32936652,ycltpe/b
9514,41539999,micooz/docker-lnmp
9515,54967868,blinksh/blink
9516,124026192,Bigberg/docker
9517,148736243,qiurunze123/miaosha
9518,164768889,alibaba/uform
9519,539751,beberlei/DoctrineExtensions
9520,88282323,antalaron/vat-number-validator
9522,91113313,michaeldegroot/DoctrineEncryptBundle
9523,118456323,freshcells/soap-client-bundle
9525,232100209,TNAJanssen/vat-number-validator
9526,232107652,databrydge/php-jira-rest-client
9527,232325310,TNAJanssen/soap-client-bundle
9528,234026815,databrydge/DoctrineExtensions
9529,234933528,tjach/recuperator
9534,230822465,sameershukla/cloud_devops_microservice
9616,41359055,aksonov/react-native-router-flux
9617,10744183,netdata/netdata
9618,32462404,chungkwong/MathOCR
9619,74660642,taichi-dev/taichi
9620,80990461,eriklindernoren/ML-From-Scratch
9621,148790885,jinxiwang/ocr_TDR
9622,187008361,chungkwong/mathocr-myscript
9624,219949035,zhang0jhon/AttentionOCR
9625,14397208,JetBrains/kotlin-web-site
9627,68242587,microsoft/appcenter-cli
9629,96412470,detekt/sonar-kotlin
9630,104835572,agoda-com/Kakao
9631,121292540,spotify/android-sdk
9634,129365301,Malinskiy/marathon
9661,141764241,danger/awesome-danger
9662,157427838,danger/kotlin
9663,226169258,dropbox/Store
9664,231578099,aafanasev/scrum-poker
9665,232737714,Vacxe/android-sdk
9668,233473540,Vacxe/kotlin-web-site
9669,13801547,ComPWA/ComPWA
9684,8773064,hrobeers/finFoil
9741,15220524,hrobeers/QtUnits
9742,36362677,felipesanches/OpenSCAD_Voronoi_Generator
9743,15850366,martin2urban/dotfiles-1
9744,95135631,PHI-base/curation
9745,78736540,samtap/fang-hacks
9746,114114590,ghoost82/mijia-720p-hack
9749,159411241,peterbuga/HASS-sonoff-ewelink
9750,168837543,miicam/MiiCam
9755,191831638,albertogeniola/meross-homeassistant
9757,221295919,basnijholt/home-assistant-config
9758,186623403,rkparsons/sinelanguage-ui
9793,233103187,rkparsons/directus-poc
9795,163705237,cdimascio/py-readability-metrics
9797,188719073,lucone83/ddetector-image-duplicate-detector
9798,219132859,lucone83/io-app
9799,229569112,lucone83/metal-parser
9878,232624377,lucone83/coding-exercises
9883,16191201,siacs/Conversations
9884,60004294,nicopeters/sigrhtest
